custom_emoji_id,name,fallback,category,style_family,packs,aliases,keywords,tags,status,selectable,sources
"4927197721900614739","live","🔴","brands_apps","animated_app_icons","","live","live|🔴","catalogued","ready","true","zulut30-premium-telegram-emoji"
"4970142833605345805","toggle","🔁","brands_apps","animated_app_icons","","toggle","toggle|🔁","catalogued","ready","true","zulut30-premium-telegram-emoji"
"4985500816317088601","mysql","🖥","developer","it","","mysql","mysql|🖥","catalogued","ready","true","zulut30-premium-telegram-emoji"
"4985770106471580492","sql","🖥","developer","it","","sql","sql|🖥","catalogued","ready","true","zulut30-premium-telegram-emoji"
"4985930888572306287","coding","🖥","developer","it","","coding","coding|🖥","catalogued","ready","true","zulut30-premium-telegram-emoji"
"4985967215405695597","postgresql","🖥","developer","it","","postgresql","postgresql|🖥","catalogued","ready","true","zulut30-premium-telegram-emoji"
"4996980495100150380","heart_anim","❤️","brands_apps","animated_app_icons","","heart_anim","heart|anim|❤️|iran|persian|ایران|فارسی|نوروز|یلدا","catalogued|iran_culture_palette|persian_ui","ready","true","zulut30-premium-telegram-emoji"
"4999005636604723783","github","🐙","brands_apps","animated_app_icons","","github","github|🐙","catalogued","ready","true","zulut30-premium-telegram-emoji"
"4999434394599948988","twitch_anim","🎮","brands_apps","animated_app_icons","","twitch_anim","twitch|anim|🎮","catalogued","ready","true","zulut30-premium-telegram-emoji"
"5019579577924584242","discord_anim","🎮","brands_apps","animated_app_icons","","discord_anim","discord|anim|🎮","catalogued","ready","true","zulut30-premium-telegram-emoji"
"5172484558305625218","tg_stars","⭐","brands_apps","animated_app_icons","","tg_stars","tg|stars|⭐","catalogued","ready","true","zulut30-premium-telegram-emoji"
"5188162778073935826","unicode_1F1F2_1F1F2","🇲🇲","unicode_variant","restrictedemoji","RestrictedEmoji","🇲🇲|unicode_1F1F2_1F1F2","🇲🇲|unicode|premium","broad_unicode","ready","true","uuigww-telegram_emoji_for_llm"
"5188208446461188962","unicode_1F4AF","💯","unicode_variant","restrictedemoji","RestrictedEmoji","💯|unicode_1F4AF","💯|unicode|premium","broad_unicode","ready","true","uuigww-telegram_emoji_for_llm"
"5188216117272780281","unicode_1F359","🍙","unicode_variant","restrictedemoji","RestrictedEmoji","🍙|unicode_1F359","🍙|unicode|premium","broad_unicode","ready","true","uuigww-telegram_emoji_for_llm"
"5188216731453103384","unicode_2714_FE0F","✔️","unicode_variant","restrictedemoji","RestrictedEmoji","✔️|unicode_2714_FE0F","✔️|unicode|premium","broad_unicode","ready","true","uuigww-telegram_emoji_for_llm"
"5188217332748527444","unicode_1F50D","🔍","unicode_variant","restrictedemoji","RestrictedEmoji","🔍|unicode_1F50D","🔍|unicode|premium","broad_unicode","ready","true","uuigww-telegram_emoji_for_llm"
"5188239353045868629","unicode_1FAB5","🪵","unicode_variant","restrictedemoji","RestrictedEmoji","🪵|unicode_1FAB5","🪵|unicode|premium","broad_unicode","ready","true","uuigww-telegram_emoji_for_llm"
"5188308218551475917","unicode_1F43E","🐾","unicode_variant","restrictedemoji","RestrictedEmoji","🐾|unicode_1F43E","🐾|unicode|premium","broad_unicode","ready","true","uuigww-telegram_emoji_for_llm"
"5188311512791393083","unicode_1F50E","🔎","unicode_variant","restrictedemoji","RestrictedEmoji","🔎|unicode_1F50E","🔎|unicode|premium","broad_unicode","ready","true","uuigww-telegram_emoji_for_llm"
"5188322825735267247","unicode_26F5_FE0F","⛵️","unicode_variant","restrictedemoji","RestrictedEmoji","⛵️|unicode_26F5_FE0F","⛵️|unicode|premium","broad_unicode","ready","true","uuigww-telegram_emoji_for_llm"
"5188361888462811907","faceit","🌍","gaming","","","faceit","faceit|🌍","catalogued","ready","true","zulut30-premium-telegram-emoji"
"5188365693803830912","unicode_1F9FD","🧽","unicode_variant","restrictedemoji","RestrictedEmoji","🧽|unicode_1F9FD","🧽|unicode|premium","broad_unicode","ready","true","uuigww-telegram_emoji_for_llm"
"5188372243628985892","microsoft","🤖","developer","it","","microsoft","microsoft|🤖","catalogued","ready","true","zulut30-premium-telegram-emoji"
"5188377234380954537","unicode_1F318","🌘","unicode_variant","restrictedemoji","RestrictedEmoji","🌘|unicode_1F318","🌘|unicode|premium","broad_unicode","ready","true","uuigww-telegram_emoji_for_llm"
"5188420746694633417","unicode_1F317","🌗","unicode_variant","restrictedemoji","RestrictedEmoji","🌗|unicode_1F317","🌗|unicode|premium","broad_unicode","ready","true","uuigww-telegram_emoji_for_llm"
"5188452705546281155","unicode_1F316","🌖","unicode_variant","restrictedemoji","RestrictedEmoji","🌖|unicode_1F316","🌖|unicode|premium","broad_unicode","ready","true","uuigww-telegram_emoji_for_llm"
"5188461347020481276","unicode_1F314","🌔","unicode_variant","restrictedemoji","RestrictedEmoji","🌔|unicode_1F314","🌔|unicode|premium","broad_unicode","ready","true","uuigww-telegram_emoji_for_llm"
"5188497854242495901","unicode_1F311","🌑","unicode_variant","restrictedemoji","RestrictedEmoji","🌑|unicode_1F311","🌑|unicode|premium","broad_unicode","ready","true","uuigww-telegram_emoji_for_llm"
"5188501157072347830","unicode_1F463","👣","unicode_variant","restrictedemoji","RestrictedEmoji","👣|unicode_1F463","👣|unicode|premium","broad_unicode","ready","true","uuigww-telegram_emoji_for_llm"
"5188608638628929611","unicode_1F315","🌕","unicode_variant","restrictedemoji","RestrictedEmoji","🌕|unicode_1F315","🌕|unicode|premium","broad_unicode","ready","true","uuigww-telegram_emoji_for_llm"
"5188621441926438751","unicode_1F3B5","🎵","unicode_variant","restrictedemoji","RestrictedEmoji","🎵|unicode_1F3B5","🎵|unicode|premium","broad_unicode","ready","true","uuigww-telegram_emoji_for_llm"
"5188646425751198926","unicode_1F363","🍣","unicode_variant","restrictedemoji","RestrictedEmoji","🍣|unicode_1F363","🍣|unicode|premium","broad_unicode","ready","true","uuigww-telegram_emoji_for_llm"
"5188666899860298925","unicode_1F312","🌒","unicode_variant","restrictedemoji","RestrictedEmoji","🌒|unicode_1F312","🌒|unicode|premium","broad_unicode","ready","true","uuigww-telegram_emoji_for_llm"
"5188676065320511388","unicode_1F1EC_1F1ED","🇬🇭","unicode_variant","restrictedemoji","RestrictedEmoji","🇬🇭|unicode_1F1EC_1F1ED","🇬🇭|unicode|premium","broad_unicode","ready","true","uuigww-telegram_emoji_for_llm"
"5188705588925702510","unicode_1F3B6","🎶","unicode_variant","restrictedemoji","RestrictedEmoji","🎶|unicode_1F3B6","🎶|unicode|premium","broad_unicode","ready","true","uuigww-telegram_emoji_for_llm"
"5190445793709924936","unicode_1F9DB_200D_2640_FE0F","🧛‍♀️","unicode_variant","restrictedemoji","RestrictedEmoji","🧛‍♀️|unicode_1F9DB_200D_2640_FE0F","🧛‍♀️|unicode|premium","broad_unicode","ready","true","uuigww-telegram_emoji_for_llm"
"5190458184690588640","unicode_1F3CE","🏎","unicode_variant","restrictedemoji","RestrictedEmoji","🏎|unicode_1F3CE","🏎|unicode|premium","broad_unicode","ready","true","uuigww-telegram_emoji_for_llm"
"5190458330719461749","unicode_1F9D1_200D_1F4BB","🧑‍💻","unicode_variant","restrictedemoji","RestrictedEmoji","🧑‍💻|unicode_1F9D1_200D_1F4BB","🧑‍💻|unicode|premium","broad_unicode","ready","true","uuigww-telegram_emoji_for_llm"
"5190498849440931467","unicode_1F468_200D_1F4BB","👨‍💻","unicode_variant","restrictedemoji","RestrictedEmoji","👨‍💻|unicode_1F468_200D_1F4BB","👨‍💻|unicode|premium","broad_unicode","ready","true","uuigww-telegram_emoji_for_llm"
"5190533149049757592","unicode_1F9DF_200D_2640_FE0F","🧟‍♀️","unicode_variant","restrictedemoji","RestrictedEmoji","🧟‍♀️|unicode_1F9DF_200D_2640_FE0F","🧟‍♀️|unicode|premium","broad_unicode","ready","true","uuigww-telegram_emoji_for_llm"
"5190548452018233240","unicode_1F9DB_200D_2642_FE0F","🧛‍♂️","unicode_variant","restrictedemoji","RestrictedEmoji","🧛‍♂️|unicode_1F9DB_200D_2642_FE0F","🧛‍♂️|unicode|premium","broad_unicode","ready","true","uuigww-telegram_emoji_for_llm"
"5190569523127787186","unicode_1F937_200D_2640_FE0F","🤷‍♀️","unicode_variant","restrictedemoji","RestrictedEmoji","🤷‍♀️|unicode_1F937_200D_2640_FE0F","🤷‍♀️|unicode|premium","broad_unicode","ready","true","uuigww-telegram_emoji_for_llm"
"5190595636528947694","unicode_1F936","🤶","unicode_variant","restrictedemoji","RestrictedEmoji","🤶|unicode_1F936","🤶|unicode|premium","broad_unicode","ready","true","uuigww-telegram_emoji_for_llm"
"5190661263629243818","unicode_1F490","💐","unicode_variant","restrictedemoji","RestrictedEmoji","💐|unicode_1F490","💐|unicode|premium","broad_unicode","ready","true","uuigww-telegram_emoji_for_llm"
"5190680981824085932","unicode_1F9DF","🧟","unicode_variant","restrictedemoji","RestrictedEmoji","🧟|unicode_1F9DF","🧟|unicode|premium","broad_unicode","ready","true","uuigww-telegram_emoji_for_llm"
"5190723690978886110","unicode_1F385","🎅","unicode_variant","restrictedemoji","RestrictedEmoji","🎅|unicode_1F385","🎅|unicode|premium","broad_unicode","ready","true","uuigww-telegram_emoji_for_llm"
"5190733157086796387","unicode_1F9DF_200D_2642_FE0F","🧟‍♂️","unicode_variant","restrictedemoji","RestrictedEmoji","🧟‍♂️|unicode_1F9DF_200D_2642_FE0F","🧟‍♂️|unicode|premium","broad_unicode","ready","true","uuigww-telegram_emoji_for_llm"
"5190736541521025564","unicode_1F469_200D_1F4BB","👩‍💻","unicode_variant","restrictedemoji","RestrictedEmoji","👩‍💻|unicode_1F469_200D_1F4BB","👩‍💻|unicode|premium","broad_unicode","ready","true","uuigww-telegram_emoji_for_llm"
"5190748314026385859","unicode_1F937_200D_2642_FE0F","🤷‍♂️","unicode_variant","restrictedemoji","RestrictedEmoji","🤷‍♂️|unicode_1F937_200D_2642_FE0F","🤷‍♂️|unicode|premium","broad_unicode","ready","true","uuigww-telegram_emoji_for_llm"
"5190748979746317724","unicode_1F9D1_200D_1F384","🧑‍🎄","unicode_variant","restrictedemoji","RestrictedEmoji","🧑‍🎄|unicode_1F9D1_200D_1F384","🧑‍🎄|unicode|premium","broad_unicode","ready","true","uuigww-telegram_emoji_for_llm"
"5190758974135212829","unicode_1F57A","🕺","unicode_variant","restrictedemoji","RestrictedEmoji","🕺|unicode_1F57A","🕺|unicode|premium","broad_unicode","ready","true","uuigww-telegram_emoji_for_llm"
"5190799832159100491","unicode_1F483","💃","unicode_variant","restrictedemoji","RestrictedEmoji","💃|unicode_1F483","💃|unicode|premium","broad_unicode","ready","true","uuigww-telegram_emoji_for_llm"
"5190851612284819957","unicode_1F313","🌓","unicode_variant","restrictedemoji","RestrictedEmoji","🌓|unicode_1F313","🌓|unicode|premium","broad_unicode","ready","true","uuigww-telegram_emoji_for_llm"
"5190941656274181429","unicode_1F475","👵","unicode_variant","restrictedemoji","RestrictedEmoji","👵|unicode_1F475","👵|unicode|premium","broad_unicode","ready","true","uuigww-telegram_emoji_for_llm"
"5192935590546382362","unicode_1F9DB","🧛","unicode_variant","restrictedemoji","RestrictedEmoji","🧛|unicode_1F9DB","🧛|unicode|premium","broad_unicode","ready","true","uuigww-telegram_emoji_for_llm"
"5195097801637243044","unicode_1F98F","🦏","unicode_variant","restrictedemoji","RestrictedEmoji","🦏|unicode_1F98F","🦏|unicode|premium","broad_unicode","ready","true","uuigww-telegram_emoji_for_llm"
"5197299191419789230","unicode_1F99A","🦚","unicode_variant","restrictedemoji","RestrictedEmoji","🦚|unicode_1F99A","🦚|unicode|premium","broad_unicode","ready","true","uuigww-telegram_emoji_for_llm"
"5197351413927128451","unicode_1FAD5","🫕","unicode_variant","restrictedemoji","RestrictedEmoji","🫕|unicode_1FAD5","🫕|unicode|premium","broad_unicode","ready","true","uuigww-telegram_emoji_for_llm"
"5197480146981906157","unicode_1F34B_200D_1F7E9","🍋‍🟩","unicode_variant","restrictedemoji","RestrictedEmoji","🍋‍🟩|unicode_1F34B_200D_1F7E9","🍋‍🟩|unicode|premium","broad_unicode","ready","true","uuigww-telegram_emoji_for_llm"
"5199649509193308558","unicode_1FAA5","🪥","unicode_variant","restrictedemoji","RestrictedEmoji","🪥|unicode_1FAA5","🪥|unicode|premium","broad_unicode","ready","true","uuigww-telegram_emoji_for_llm"
"5199749070830197566","unicode_1F381","🎁","unicode_variant","restrictedemoji","RestrictedEmoji","🎁|unicode_1F381","🎁|unicode|premium","broad_unicode","ready","true","uuigww-telegram_emoji_for_llm"
"5201910092215105927","unicode_1F416","🐖","unicode_variant","restrictedemoji","RestrictedEmoji","🐖|unicode_1F416","🐖|unicode|premium","broad_unicode","ready","true","uuigww-telegram_emoji_for_llm"
"5201957744877248121","unicode_1F1EA_1F1F8","🇪🇸","unicode_variant","restrictedemoji","RestrictedEmoji","🇪🇸|unicode_1F1EA_1F1F8","🇪🇸|unicode|premium","broad_unicode","ready","true","uuigww-telegram_emoji_for_llm"
"5201984627077567357","unicode_1F6F6","🛶","unicode_variant","restrictedemoji","RestrictedEmoji","🛶|unicode_1F6F6","🛶|unicode|premium","broad_unicode","ready","true","uuigww-telegram_emoji_for_llm"
"5202021044105257611","unicode_1F1FA_1F1F8","🇺🇸","unicode_variant","restrictedemoji","RestrictedEmoji","🇺🇸|unicode_1F1FA_1F1F8","🇺🇸|unicode|premium","broad_unicode","ready","true","uuigww-telegram_emoji_for_llm"
"5202074005346983800","unicode_1F1E7_1F1F7","🇧🇷","unicode_variant","restrictedemoji","RestrictedEmoji","🇧🇷|unicode_1F1E7_1F1F7","🇧🇷|unicode|premium","broad_unicode","ready","true","uuigww-telegram_emoji_for_llm"
"5202079966761590204","unicode_1F1F8_1F1E6","🇸🇦","unicode_variant","restrictedemoji","RestrictedEmoji","🇸🇦|unicode_1F1F8_1F1E6","🇸🇦|unicode|premium","broad_unicode","ready","true","uuigww-telegram_emoji_for_llm"
"5202132623060640759","unicode_1F1EB_1F1F7","🇫🇷","unicode_variant","restrictedemoji","RestrictedEmoji","🇫🇷|unicode_1F1EB_1F1F7","🇫🇷|unicode|premium","broad_unicode","ready","true","uuigww-telegram_emoji_for_llm"
"5202196682497859879","unicode_1F1EC_1F1E7","🇬🇧","unicode_variant","restrictedemoji","RestrictedEmoji","🇬🇧|unicode_1F1EC_1F1E7","🇬🇧|unicode|premium","broad_unicode","ready","true","uuigww-telegram_emoji_for_llm"
"5203999112768279777","after_effects","🎬","brands_apps","static_app_icons","logo_by_TgEmojiBot","after_effects","after|effects|🎬","catalogued","ready","true","zulut30-premium-telegram-emoji"
"5204024191082318452","word","📝","brands_apps","static_app_icons","logo_by_TgEmojiBot","word","word|📝","catalogued","ready","true","zulut30-premium-telegram-emoji"
"5204049982360930089","opera","🔴","brands_apps","static_app_icons","logo_by_TgEmojiBot","opera","opera|🔴","catalogued","ready","true","zulut30-premium-telegram-emoji"
"5204061664671976334","twitter_x","🐦","brands_apps","static_app_icons","logo_by_TgEmojiBot","twitter_x","twitter|x|🐦","catalogued","ready","true","zulut30-premium-telegram-emoji"
"5204146997082212715","unionpay","💳","brands_apps","static_app_icons","logo_by_TgEmojiBot","unionpay","unionpay|💳","catalogued","ready","true","zulut30-premium-telegram-emoji"
"5204205747939856389","excel","📊","brands_apps","static_app_icons","logo_by_TgEmojiBot","excel","excel|📊","catalogued","ready","true","zulut30-premium-telegram-emoji"
"5204222562736819197","discord_static","🎮","brands_apps","static_app_icons","logo_by_TgEmojiBot","discord_static","discord|static|🎮","catalogued","ready","true","zulut30-premium-telegram-emoji"
"5204252919565657978","pubg","🎮","gaming","","","pubg","pubg|🎮","catalogued","ready","true","zulut30-premium-telegram-emoji"
"5204297737549401749","reddit","🤖","brands_apps","static_app_icons","logo_by_TgEmojiBot","reddit","reddit|🤖","catalogued","ready","true","zulut30-premium-telegram-emoji"
"5204357742537492089","visa","💳","brands_apps","static_app_icons","logo_by_TgEmojiBot","visa","visa|💳","catalogued","ready","true","zulut30-premium-telegram-emoji"
"5204393970586634794","safari","🧭","brands_apps","static_app_icons","logo_by_TgEmojiBot","safari","safari|🧭","catalogued","ready","true","zulut30-premium-telegram-emoji"
"5206200751658911590","premiere","🎬","brands_apps","static_app_icons","logo_by_TgEmojiBot","premiere","premiere|🎬","catalogued","ready","true","zulut30-premium-telegram-emoji"
"5206208353751024833","telegram","✈️","brands_apps","static_app_icons","logo_by_TgEmojiBot","telegram","telegram|✈️","catalogued","ready","true","zulut30-premium-telegram-emoji"
"5206230030450975877","youtube","▶️","brands_apps","static_app_icons","logo_by_TgEmojiBot","youtube","youtube|▶️","catalogued","ready","true","zulut30-premium-telegram-emoji"
"5206238027680071780","linkedin","💼","brands_apps","static_app_icons","logo_by_TgEmojiBot","linkedin","linkedin|💼","catalogued","ready","true","zulut30-premium-telegram-emoji"
"5206246871017733775","edge","🌊","brands_apps","static_app_icons","logo_by_TgEmojiBot","edge","edge|🌊","catalogued","ready","true","zulut30-premium-telegram-emoji"
"5206286797033719693","photoshop","🖼","brands_apps","static_app_icons","logo_by_TgEmojiBot","photoshop","photoshop|🖼","catalogued","ready","true","zulut30-premium-telegram-emoji"
"5206308821626012868","google","🔍","brands_apps","static_app_icons","logo_by_TgEmojiBot","google","google|🔍","catalogued","ready","true","zulut30-premium-telegram-emoji"
"5206329063806879532","yandex","🔴","brands_apps","static_app_icons","logo_by_TgEmojiBot","yandex","yandex|🔴","catalogued","ready","true","zulut30-premium-telegram-emoji"
"5206378662089214861","figma","🎨","brands_apps","static_app_icons","logo_by_TgEmojiBot","figma","figma|🎨","catalogued","ready","true","zulut30-premium-telegram-emoji"
"5206383450977750405","instagram","📸","brands_apps","static_app_icons","logo_by_TgEmojiBot","instagram","instagram|📸","catalogued","ready","true","zulut30-premium-telegram-emoji"
"5206421491503088521","tiktok","🎵","brands_apps","static_app_icons","logo_by_TgEmojiBot","tiktok","tiktok|🎵","catalogued","ready","true","zulut30-premium-telegram-emoji"
"5206430772927416278","mir","💳","brands_apps","static_app_icons","logo_by_TgEmojiBot","mir","mir|💳","catalogued","ready","true","zulut30-premium-telegram-emoji"
"5206467129825576500","firefox","🦊","brands_apps","static_app_icons","logo_by_TgEmojiBot","firefox","firefox|🦊","catalogued","ready","true","zulut30-premium-telegram-emoji"
"5206488346964018944","vk","💙","brands_apps","static_app_icons","logo_by_TgEmojiBot","vk","vk|💙","catalogued","ready","true","zulut30-premium-telegram-emoji"
"5206505943445034137","mastercard","💳","brands_apps","static_app_icons","logo_by_TgEmojiBot","mastercard","mastercard|💳","catalogued","ready","true","zulut30-premium-telegram-emoji"
"5206577300031684638","yoomoney","💰","brands_apps","static_app_icons","logo_by_TgEmojiBot","yoomoney","yoomoney|💰","catalogued","ready","true","zulut30-premium-telegram-emoji"
"5206603503627158548","boosty","💛","brands_apps","static_app_icons","logo_by_TgEmojiBot","boosty","boosty|💛","catalogued","ready","true","zulut30-premium-telegram-emoji"
"5206607081334906820","checkmark","✅","news_status","animated_news_emoji","NewsEmoji","checkmark","checkmark|✅","catalogued","ready","true","zulut30-premium-telegram-emoji"
"5206624102290311682","powerpoint","📊","brands_apps","static_app_icons","logo_by_TgEmojiBot","powerpoint","powerpoint|📊","catalogued","ready","true","zulut30-premium-telegram-emoji"
"5206629470999429293","blender","🌀","brands_apps","static_app_icons","logo_by_TgEmojiBot","blender","blender|🌀","catalogued","ready","true","zulut30-premium-telegram-emoji"
"5206636501860893075","sbp","💳","brands_apps","static_app_icons","logo_by_TgEmojiBot","sbp","sbp|💳","catalogued","ready","true","zulut30-premium-telegram-emoji"
"5206637287839910058","twitch_static","🎮","brands_apps","static_app_icons","logo_by_TgEmojiBot","twitch_static","twitch|static|🎮","catalogued","ready","true","zulut30-premium-telegram-emoji"
"5206714141984703098","chrome","🌐","brands_apps","static_app_icons","logo_by_TgEmojiBot","chrome","chrome|🌐","catalogued","ready","true","zulut30-premium-telegram-emoji"
"5208436234891850859","epic","🧩","gaming","","","epic","epic|🧩","catalogued","ready","true","zulut30-premium-telegram-emoji"
"5208911829505432564","unicode_1FAB7","🪷","unicode_variant","restrictedemoji","RestrictedEmoji","🪷|unicode_1FAB7","🪷|unicode|premium","broad_unicode","ready","true","uuigww-telegram_emoji_for_llm"
"5208923808169222461","unicode_1F940","🥀","unicode_variant","restrictedemoji","RestrictedEmoji","🥀|unicode_1F940","🥀|unicode|premium","broad_unicode","ready","true","uuigww-telegram_emoji_for_llm"
"5210952531676504517","cross","❌","news_status","animated_news_emoji","NewsEmoji","cross","cross|❌","catalogued","ready","true","zulut30-premium-telegram-emoji"
"5210957702817137308","counter","🔫","gaming","","","counter","counter|🔫","catalogued","ready","true","zulut30-premium-telegram-emoji"
"5211114241490172562","nozh","🔪","gaming","","","nozh","nozh|🔪","catalogued","ready","true","zulut30-premium-telegram-emoji"
"5211178605870069753","m9","🔪","gaming","","","m9","m9|🔪","catalogued","ready","true","zulut30-premium-telegram-emoji"
"5211226911367257670","unicode_1F33B","🌻","unicode_variant","restrictedemoji","RestrictedEmoji","🌻|unicode_1F33B","🌻|unicode|premium","broad_unicode","ready","true","uuigww-telegram_emoji_for_llm"
"5213033550705605851","vertigo","🗺","gaming","","","vertigo","vertigo|🗺","catalogued","ready","true","zulut30-premium-telegram-emoji"
"5213371792265069706","valorant","🦀","gaming","","","valorant","valorant|🦀","catalogued","ready","true","zulut30-premium-telegram-emoji"
"5220186290456120696","roblox","🎮","gaming","","","roblox","roblox|🎮","catalogued","ready","true","zulut30-premium-telegram-emoji"
"5221960120539293842","unicode_1F40F","🐏","unicode_variant","restrictedemoji","RestrictedEmoji","🐏|unicode_1F40F","🐏|unicode|premium","broad_unicode","ready","true","uuigww-telegram_emoji_for_llm"
"5221969376193816323","unicode_1F1EC_1F1F1","🇬🇱","unicode_variant","restrictedemoji","RestrictedEmoji","🇬🇱|unicode_1F1EC_1F1F1","🇬🇱|unicode|premium","broad_unicode","ready","true","uuigww-telegram_emoji_for_llm"
"5221978936791017415","unicode_1F1E6_1F1F4","🇦🇴","unicode_variant","restrictedemoji","RestrictedEmoji","🇦🇴|unicode_1F1E6_1F1F4","🇦🇴|unicode|premium","broad_unicode","ready","true","uuigww-telegram_emoji_for_llm"
"5221982978355243461","unicode_1F9A1","🦡","unicode_variant","restrictedemoji","RestrictedEmoji","🦡|unicode_1F9A1","🦡|unicode|premium","broad_unicode","ready","true","uuigww-telegram_emoji_for_llm"
"5222119223307807441","unicode_1F1E7_1F1E7","🇧🇧","unicode_variant","restrictedemoji","RestrictedEmoji","🇧🇧|unicode_1F1E7_1F1E7","🇧🇧|unicode|premium","broad_unicode","ready","true","uuigww-telegram_emoji_for_llm"
"5222131025877936317","unicode_1F1E7_1F1E9","🇧🇩","unicode_variant","restrictedemoji","RestrictedEmoji","🇧🇩|unicode_1F1E7_1F1E9","🇧🇩|unicode|premium","broad_unicode","ready","true","uuigww-telegram_emoji_for_llm"
"5222141780476046109","unicode_1F410","🐐","unicode_variant","restrictedemoji","RestrictedEmoji","🐐|unicode_1F410","🐐|unicode|premium","broad_unicode","ready","true","uuigww-telegram_emoji_for_llm"
"5222244507503833341","unicode_1F1F5_1F1FC","🇵🇼","unicode_variant","restrictedemoji","RestrictedEmoji","🇵🇼|unicode_1F1F5_1F1FC","🇵🇼|unicode|premium","broad_unicode","ready","true","uuigww-telegram_emoji_for_llm"
"5222280134257551597","unicode_1F1F1_1F1E8","🇱🇨","unicode_variant","restrictedemoji","RestrictedEmoji","🇱🇨|unicode_1F1F1_1F1E8","🇱🇨|unicode|premium","broad_unicode","ready","true","uuigww-telegram_emoji_for_llm"
"5222284437814783192","unicode_1F1F1_1F1FE","🇱🇾","unicode_variant","restrictedemoji","RestrictedEmoji","🇱🇾|unicode_1F1F1_1F1FE","🇱🇾|unicode|premium","broad_unicode","ready","true","uuigww-telegram_emoji_for_llm"
"5222285176549156658","unicode_1F9AB","🦫","unicode_variant","restrictedemoji","RestrictedEmoji","🦫|unicode_1F9AB","🦫|unicode|premium","broad_unicode","ready","true","uuigww-telegram_emoji_for_llm"
"5222292529533167322","unicode_1F40B","🐋","unicode_variant","restrictedemoji","RestrictedEmoji","🐋|unicode_1F40B","🐋|unicode|premium","broad_unicode","ready","true","uuigww-telegram_emoji_for_llm"
"5222303808117306484","unicode_1F411","🐑","unicode_variant","restrictedemoji","RestrictedEmoji","🐑|unicode_1F411","🐑|unicode|premium","broad_unicode","ready","true","uuigww-telegram_emoji_for_llm"
"5222351452189509927","unicode_1F956","🥖","unicode_variant","restrictedemoji","RestrictedEmoji","🥖|unicode_1F956","🥖|unicode|premium","broad_unicode","ready","true","uuigww-telegram_emoji_for_llm"
"5222365101595568847","unicode_1F1F9_1F1FC","🇹🇼","unicode_variant","restrictedemoji","RestrictedEmoji","🇹🇼|unicode_1F1F9_1F1FC","🇹🇼|unicode|premium","broad_unicode","ready","true","uuigww-telegram_emoji_for_llm"
"5222395857856374392","unicode_1F1ED_1F1F0","🇭🇰","unicode_variant","restrictedemoji","RestrictedEmoji","🇭🇰|unicode_1F1ED_1F1F0","🇭🇰|unicode|premium","broad_unicode","ready","true","uuigww-telegram_emoji_for_llm"
"5222427035023977899","unicode_1F1E8_1F1F1","🇨🇱","unicode_variant","restrictedemoji","RestrictedEmoji","🇨🇱|unicode_1F1E8_1F1F1","🇨🇱|unicode|premium","broad_unicode","ready","true","uuigww-telegram_emoji_for_llm"
"5222444124698853913","bookmark","🔖","news_status","animated_news_emoji","NewsEmoji","bookmark","bookmark|🔖","catalogued","ready","true","zulut30-premium-telegram-emoji"
"5222463202943575830","unicode_1F9A3","🦣","unicode_variant","restrictedemoji","RestrictedEmoji","🦣|unicode_1F9A3","🦣|unicode|premium","broad_unicode","ready","true","uuigww-telegram_emoji_for_llm"
"5222474515887435551","unicode_1F980","🦀","unicode_variant","restrictedemoji","RestrictedEmoji","🦀|unicode_1F980","🦀|unicode|premium","broad_unicode","ready","true","uuigww-telegram_emoji_for_llm"
"5222477234601732139","unicode_1F1E6_1F1F6","🇦🇶","unicode_variant","restrictedemoji","RestrictedEmoji","🇦🇶|unicode_1F1E6_1F1F6","🇦🇶|unicode|premium","broad_unicode","ready","true","uuigww-telegram_emoji_for_llm"
"5222486447306602688","unicode_1F52B","🔫","unicode_variant","restrictedemoji","RestrictedEmoji","🔫|unicode_1F52B","🔫|unicode|premium","broad_unicode","ready","true","uuigww-telegram_emoji_for_llm"
"5224189032472275894","unicode_1FAB0","🪰","unicode_variant","restrictedemoji","RestrictedEmoji","🪰|unicode_1FAB0","🪰|unicode|premium","broad_unicode","ready","true","uuigww-telegram_emoji_for_llm"
"5224205572391315540","unicode_1F1ED_1F1F3","🇭🇳","unicode_variant","restrictedemoji","RestrictedEmoji","🇭🇳|unicode_1F1ED_1F1F3","🇭🇳|unicode|premium","broad_unicode","ready","true","uuigww-telegram_emoji_for_llm"
"5224254431939275524","unicode_1F1E6_1F1FF","🇦🇿","unicode_variant","restrictedemoji","RestrictedEmoji","🇦🇿|unicode_1F1E6_1F1FF","🇦🇿|unicode|premium","broad_unicode","ready","true","uuigww-telegram_emoji_for_llm"
"5224323379049296560","unicode_1F42A","🐪","unicode_variant","restrictedemoji","RestrictedEmoji","🐪|unicode_1F42A","🐪|unicode|premium","broad_unicode","ready","true","uuigww-telegram_emoji_for_llm"
"5224362841208793190","unicode_1F3A0","🎠","unicode_variant","restrictedemoji","RestrictedEmoji","🎠|unicode_1F3A0","🎠|unicode|premium","broad_unicode","ready","true","uuigww-telegram_emoji_for_llm"
"5224607267797606837","urgent","⚡","news_status","animated_news_emoji","NewsEmoji","urgent","urgent|⚡","catalogued","ready","true","zulut30-premium-telegram-emoji"
"5224708023435404637","unicode_1F418","🐘","unicode_variant","restrictedemoji","RestrictedEmoji","🐘|unicode_1F418","🐘|unicode|premium","broad_unicode","ready","true","uuigww-telegram_emoji_for_llm"
"5224736245665511429","mic","🎙","news_status","animated_news_emoji","NewsEmoji","mic","mic|🎙","catalogued","ready","true","zulut30-premium-telegram-emoji"
"5226470789682833538","unicode_2797","➗","unicode_variant","restrictedemoji","RestrictedEmoji","➗|unicode_2797","➗|unicode|premium","broad_unicode","ready","true","uuigww-telegram_emoji_for_llm"
"5226476858471626962","unicode_1F1EA_1F1EC","🇪🇬","unicode_variant","restrictedemoji","RestrictedEmoji","🇪🇬|unicode_1F1EA_1F1EC","🇪🇬|unicode|premium","broad_unicode","ready","true","uuigww-telegram_emoji_for_llm"
"5226496954623603888","unicode_1F1EC_1F1EE","🇬🇮","unicode_variant","restrictedemoji","RestrictedEmoji","🇬🇮|unicode_1F1EC_1F1EE","🇬🇮|unicode|premium","broad_unicode","ready","true","uuigww-telegram_emoji_for_llm"
"5226512880362332956","unicode_1F4D6","📖","unicode_variant","restrictedemoji","RestrictedEmoji","📖|unicode_1F4D6","📖|unicode|premium","broad_unicode","ready","true","uuigww-telegram_emoji_for_llm"
"5226538255029121667","unicode_1F1EE_1F1F2","🇮🇲","unicode_variant","restrictedemoji","RestrictedEmoji","🇮🇲|unicode_1F1EE_1F1F2","🇮🇲|unicode|premium","broad_unicode","ready","true","uuigww-telegram_emoji_for_llm"
"5226639796645932042","unicode_1F9A5","🦥","unicode_variant","restrictedemoji","RestrictedEmoji","🦥|unicode_1F9A5","🦥|unicode|premium","broad_unicode","ready","true","uuigww-telegram_emoji_for_llm"
"5226660202035554522","unicode_2716_FE0F","✖️","unicode_variant","restrictedemoji","RestrictedEmoji","✖️|unicode_2716_FE0F","✖️|unicode|premium","broad_unicode","ready","true","uuigww-telegram_emoji_for_llm"
"5226703795953612903","unicode_1F1F1_1F1EE","🇱🇮","unicode_variant","restrictedemoji","RestrictedEmoji","🇱🇮|unicode_1F1F1_1F1EE","🇱🇮|unicode|premium","broad_unicode","ready","true","uuigww-telegram_emoji_for_llm"
"5226711870492126219","unicode_1F3A1","🎡","unicode_variant","restrictedemoji","RestrictedEmoji","🎡|unicode_1F3A1","🎡|unicode|premium","broad_unicode","ready","true","uuigww-telegram_emoji_for_llm"
"5226852401822057871","unicode_1F3F4_E0067_E0062_E0073_E0063_E0074_E007F","🏴󠁧󠁢󠁳󠁣󠁴󠁿","unicode_variant","restrictedemoji","RestrictedEmoji","🏴󠁧󠁢󠁳󠁣󠁴󠁿|unicode_1F3F4_E0067_E0062_E0073_E0063_E0074_E007F","🏴󠁧󠁢󠁳󠁣󠁴󠁿|unicode|premium","broad_unicode","ready","true","uuigww-telegram_emoji_for_llm"
"5226903563472483349","unicode_1F1EE_1F1F8","🇮🇸","unicode_variant","restrictedemoji","RestrictedEmoji","🇮🇸|unicode_1F1EE_1F1F8","🇮🇸|unicode|premium","broad_unicode","ready","true","uuigww-telegram_emoji_for_llm"
"5226945370684140473","unicode_2795","➕","unicode_variant","restrictedemoji","RestrictedEmoji","➕|unicode_2795","➕|unicode|premium","broad_unicode","ready","true","uuigww-telegram_emoji_for_llm"
"5226948110873278599","unicode_1F1F9_1F1F7","🇹🇷","unicode_variant","restrictedemoji","RestrictedEmoji","🇹🇷|unicode_1F1F9_1F1F7","🇹🇷|unicode|premium","broad_unicode","ready","true","uuigww-telegram_emoji_for_llm"
"5226954282741283529","unicode_1F1F2_1F1F9","🇲🇹","unicode_variant","restrictedemoji","RestrictedEmoji","🇲🇹|unicode_1F1F2_1F1F9","🇲🇹|unicode|premium","broad_unicode","ready","true","uuigww-telegram_emoji_for_llm"
"5228686859663585439","unicode_1F441_200D_1F5E8","👁‍🗨","unicode_variant","restrictedemoji","RestrictedEmoji","👁‍🗨|unicode_1F441_200D_1F5E8","👁‍🗨|unicode|premium","broad_unicode","ready","true","uuigww-telegram_emoji_for_llm"
"5228718354658769982","unicode_1F1F0_1F1FF","🇰🇿","unicode_variant","restrictedemoji","RestrictedEmoji","🇰🇿|unicode_1F1F0_1F1FF","🇰🇿|unicode|premium","broad_unicode","ready","true","uuigww-telegram_emoji_for_llm"
"5228736616859706595","unicode_1F3F9","🏹","unicode_variant","restrictedemoji","RestrictedEmoji","🏹|unicode_1F3F9","🏹|unicode|premium","broad_unicode","ready","true","uuigww-telegram_emoji_for_llm"
"5228751795274136090","unicode_1F1FB_1F1EA","🇻🇪","unicode_variant","restrictedemoji","RestrictedEmoji","🇻🇪|unicode_1F1FB_1F1EA","🇻🇪|unicode|premium","broad_unicode","ready","true","uuigww-telegram_emoji_for_llm"
"5228760535532582734","unicode_1F1FA_1F1F3","🇺🇳","unicode_variant","restrictedemoji","RestrictedEmoji","🇺🇳|unicode_1F1FA_1F1F3","🇺🇳|unicode|premium","broad_unicode","ready","true","uuigww-telegram_emoji_for_llm"
"5228784522924930237","unicode_1F1EA_1F1FA","🇪🇺","unicode_variant","restrictedemoji","RestrictedEmoji","🇪🇺|unicode_1F1EA_1F1FA","🇪🇺|unicode|premium","broad_unicode","ready","true","uuigww-telegram_emoji_for_llm"
"5228799250367788944","unicode_1F1F6_1F1E6","🇶🇦","unicode_variant","restrictedemoji","RestrictedEmoji","🇶🇦|unicode_1F1F6_1F1E6","🇶🇦|unicode|premium","broad_unicode","ready","true","uuigww-telegram_emoji_for_llm"
"5228851794997688064","unicode_1F1EB_1F1F4","🇫🇴","unicode_variant","restrictedemoji","RestrictedEmoji","🇫🇴|unicode_1F1EB_1F1F4","🇫🇴|unicode|premium","broad_unicode","ready","true","uuigww-telegram_emoji_for_llm"
"5228901410459887866","unicode_AE_FE0F","®️","unicode_variant","restrictedemoji","RestrictedEmoji","®️|unicode_AE_FE0F","®️|unicode|premium","broad_unicode","ready","true","uuigww-telegram_emoji_for_llm"
"5228954998766843234","unicode_1F1F8_1F1F2","🇸🇲","unicode_variant","restrictedemoji","RestrictedEmoji","🇸🇲|unicode_1F1F8_1F1F2","🇸🇲|unicode|premium","broad_unicode","ready","true","uuigww-telegram_emoji_for_llm"
"5228957348113955582","unicode_1F3F4_E0067_E0062_E0077_E006C_E0073_E007F","🏴󠁧󠁢󠁷󠁬󠁳󠁿","unicode_variant","restrictedemoji","RestrictedEmoji","🏴󠁧󠁢󠁷󠁬󠁳󠁿|unicode_1F3F4_E0067_E0062_E0077_E006C_E0073_E007F","🏴󠁧󠁢󠁷󠁬󠁳󠁿|unicode|premium","broad_unicode","ready","true","uuigww-telegram_emoji_for_llm"
"5228997115216149309","unicode_1F1E8_1F1FE","🇨🇾","unicode_variant","restrictedemoji","RestrictedEmoji","🇨🇾|unicode_1F1E8_1F1FE","🇨🇾|unicode|premium","broad_unicode","ready","true","uuigww-telegram_emoji_for_llm"
"5229059314932528805","unicode_1F1EE_1F1F6","🇮🇶","unicode_variant","restrictedemoji","RestrictedEmoji","🇮🇶|unicode_1F1EE_1F1F6","🇮🇶|unicode|premium","broad_unicode","ready","true","uuigww-telegram_emoji_for_llm"
"5229064374403998351","percent","%","news_status","animated_news_emoji","NewsEmoji","percent","percent|%","catalogued","ready","true","zulut30-premium-telegram-emoji"
"5229073617173624053","unicode_1F1EC_1F1EC","🇬🇬","unicode_variant","restrictedemoji","RestrictedEmoji","🇬🇬|unicode_1F1EC_1F1EC","🇬🇬|unicode|premium","broad_unicode","ready","true","uuigww-telegram_emoji_for_llm"
"5229095839334410849","unicode_1F3BC","🎼","unicode_variant","restrictedemoji","RestrictedEmoji","🎼|unicode_1F3BC","🎼|unicode|premium","broad_unicode","ready","true","uuigww-telegram_emoji_for_llm"
"5229113891081956317","unicode_2796","➖","unicode_variant","restrictedemoji","RestrictedEmoji","➖|unicode_2796","➖|unicode|premium","broad_unicode","ready","true","uuigww-telegram_emoji_for_llm"
"5229127072336589200","unicode_1F1E6_1F1E9","🇦🇩","unicode_variant","restrictedemoji","RestrictedEmoji","🇦🇩|unicode_1F1E6_1F1E9","🇦🇩|unicode|premium","broad_unicode","ready","true","uuigww-telegram_emoji_for_llm"
"5229177516727478228","unicode_A9_FE0F","©️","unicode_variant","restrictedemoji","RestrictedEmoji","©️|unicode_A9_FE0F","©️|unicode|premium","broad_unicode","ready","true","uuigww-telegram_emoji_for_llm"
"5229186179676517309","unicode_1F1E7_1F1ED","🇧🇭","unicode_variant","restrictedemoji","RestrictedEmoji","🇧🇭|unicode_1F1E7_1F1ED","🇧🇭|unicode|premium","broad_unicode","ready","true","uuigww-telegram_emoji_for_llm"
"5229188988585130961","unicode_1F1EF_1F1EA","🇯🇪","unicode_variant","restrictedemoji","RestrictedEmoji","🇯🇪|unicode_1F1EF_1F1EA","🇯🇪|unicode|premium","broad_unicode","ready","true","uuigww-telegram_emoji_for_llm"
"5229192892710402006","unicode_1F3F4_E0067_E0062_E0065_E006E_E0067_E007F","🏴󠁧󠁢󠁥󠁮󠁧󠁿","unicode_variant","restrictedemoji","RestrictedEmoji","🏴󠁧󠁢󠁥󠁮󠁧󠁿|unicode_1F3F4_E0067_E0062_E0065_E006E_E0067_E007F","🏴󠁧󠁢󠁥󠁮󠁧󠁿|unicode|premium","broad_unicode","ready","true","uuigww-telegram_emoji_for_llm"
"5230969196694748793","unicode_1F1F2_1F1F5","🇲🇵","unicode_variant","restrictedemoji","RestrictedEmoji","🇲🇵|unicode_1F1F2_1F1F5","🇲🇵|unicode|premium","broad_unicode","ready","true","uuigww-telegram_emoji_for_llm"
"5231000034559934302","unicode_1F1FC_1F1EB","🇼🇫","unicode_variant","restrictedemoji","RestrictedEmoji","🇼🇫|unicode_1F1FC_1F1EB","🇼🇫|unicode|premium","broad_unicode","ready","true","uuigww-telegram_emoji_for_llm"
"5231007765501067757","unicode_1F1EB_1F1F2","🇫🇲","unicode_variant","restrictedemoji","RestrictedEmoji","🇫🇲|unicode_1F1EB_1F1F2","🇫🇲|unicode|premium","broad_unicode","ready","true","uuigww-telegram_emoji_for_llm"
"5231044964212817289","unicode_1F1E6_1F1FC","🇦🇼","unicode_variant","restrictedemoji","RestrictedEmoji","🇦🇼|unicode_1F1E6_1F1FC","🇦🇼|unicode|premium","broad_unicode","ready","true","uuigww-telegram_emoji_for_llm"
"5231066898610798438","unicode_1F1F9_1F1F0","🇹🇰","unicode_variant","restrictedemoji","RestrictedEmoji","🇹🇰|unicode_1F1F9_1F1F0","🇹🇰|unicode|premium","broad_unicode","ready","true","uuigww-telegram_emoji_for_llm"
"5231087492978982103","unicode_1F1F0_1F1F3","🇰🇳","unicode_variant","restrictedemoji","RestrictedEmoji","🇰🇳|unicode_1F1F0_1F1F3","🇰🇳|unicode|premium","broad_unicode","ready","true","uuigww-telegram_emoji_for_llm"
"5231200819986047254","stats","📊","news_status","animated_news_emoji","NewsEmoji","stats","stats|📊","catalogued","ready","true","zulut30-premium-telegram-emoji"
"5231258308123313128","unicode_1F1F5_1F1F2","🇵🇲","unicode_variant","restrictedemoji","RestrictedEmoji","🇵🇲|unicode_1F1F5_1F1F2","🇵🇲|unicode|premium","broad_unicode","ready","true","uuigww-telegram_emoji_for_llm"
"5231281217478874179","rockstars","🎮","gaming","","","rockstars","rockstars|🎮","catalogued","ready","true","zulut30-premium-telegram-emoji"
"5231365287168721267","unicode_1F1F0_1F1EE","🇰🇮","unicode_variant","restrictedemoji","RestrictedEmoji","🇰🇮|unicode_1F1F0_1F1EE","🇰🇮|unicode|premium","broad_unicode","ready","true","uuigww-telegram_emoji_for_llm"
"5231366665853224722","unicode_1F1E7_1F1FF","🇧🇿","unicode_variant","restrictedemoji","RestrictedEmoji","🇧🇿|unicode_1F1E7_1F1FF","🇧🇿|unicode|premium","broad_unicode","ready","true","uuigww-telegram_emoji_for_llm"
"5231446105568329752","unicode_1F1F8_1F1E8","🇸🇨","unicode_variant","restrictedemoji","RestrictedEmoji","🇸🇨|unicode_1F1F8_1F1E8","🇸🇨|unicode|premium","broad_unicode","ready","true","uuigww-telegram_emoji_for_llm"
"5231449120635370684","ruble","₽","news_status","animated_news_emoji","NewsEmoji","ruble","ruble|₽","catalogued","ready","true","zulut30-premium-telegram-emoji"
"5231484597065237155","unicode_1F1FB_1F1EE","🇻🇮","unicode_variant","restrictedemoji","RestrictedEmoji","🇻🇮|unicode_1F1FB_1F1EE","🇻🇮|unicode|premium","broad_unicode","ready","true","uuigww-telegram_emoji_for_llm"
"5231486851923069595","unicode_1F1E9_1F1F2","🇩🇲","unicode_variant","restrictedemoji","RestrictedEmoji","🇩🇲|unicode_1F1E9_1F1F2","🇩🇲|unicode|premium","broad_unicode","ready","true","uuigww-telegram_emoji_for_llm"
"5233184244473283152","unicode_1F1E8_1F1FB","🇨🇻","unicode_variant","restrictedemoji","RestrictedEmoji","🇨🇻|unicode_1F1E8_1F1FB","🇨🇻|unicode|premium","broad_unicode","ready","true","uuigww-telegram_emoji_for_llm"
"5233192645429312298","unicode_1F1F3_1F1EB","🇳🇫","unicode_variant","restrictedemoji","RestrictedEmoji","🇳🇫|unicode_1F1F3_1F1EB","🇳🇫|unicode|premium","broad_unicode","ready","true","uuigww-telegram_emoji_for_llm"
"5233206123036682153","unicode_1FAB1","🪱","unicode_variant","restrictedemoji","RestrictedEmoji","🪱|unicode_1FAB1","🪱|unicode|premium","broad_unicode","ready","true","uuigww-telegram_emoji_for_llm"
"5233223766762338378","unicode_1F1F3_1F1E8","🇳🇨","unicode_variant","restrictedemoji","RestrictedEmoji","🇳🇨|unicode_1F1F3_1F1E8","🇳🇨|unicode|premium","broad_unicode","ready","true","uuigww-telegram_emoji_for_llm"
"5233271161726450295","unicode_1F1FC_1F1F8","🇼🇸","unicode_variant","restrictedemoji","RestrictedEmoji","🇼🇸|unicode_1F1FC_1F1F8","🇼🇸|unicode|premium","broad_unicode","ready","true","uuigww-telegram_emoji_for_llm"
"5233312311808108588","unicode_1F401","🐁","unicode_variant","restrictedemoji","RestrictedEmoji","🐁|unicode_1F401","🐁|unicode|premium","broad_unicode","ready","true","uuigww-telegram_emoji_for_llm"
"5233325407163398971","unicode_1F1F8_1F1E7","🇸🇧","unicode_variant","restrictedemoji","RestrictedEmoji","🇸🇧|unicode_1F1F8_1F1E7","🇸🇧|unicode|premium","broad_unicode","ready","true","uuigww-telegram_emoji_for_llm"
"5233326571099534068","euro","💶","news_status","animated_news_emoji","NewsEmoji","euro","euro|💶","catalogued","ready","true","zulut30-premium-telegram-emoji"
"5233344051616430964","unicode_1F1F2_1F1FB","🇲🇻","unicode_variant","restrictedemoji","RestrictedEmoji","🇲🇻|unicode_1F1F2_1F1FB","🇲🇻|unicode|premium","broad_unicode","ready","true","uuigww-telegram_emoji_for_llm"
"5233379493686558144","unicode_1F1F9_1F1EB","🇹🇫","unicode_variant","restrictedemoji","RestrictedEmoji","🇹🇫|unicode_1F1F9_1F1EB","🇹🇫|unicode|premium","broad_unicode","ready","true","uuigww-telegram_emoji_for_llm"
"5233381108594260837","unicode_1F1E6_1F1F8","🇦🇸","unicode_variant","restrictedemoji","RestrictedEmoji","🇦🇸|unicode_1F1E6_1F1F8","🇦🇸|unicode|premium","broad_unicode","ready","true","uuigww-telegram_emoji_for_llm"
"5233385291892407085","unicode_1F1EC_1F1FA","🇬🇺","unicode_variant","restrictedemoji","RestrictedEmoji","🇬🇺|unicode_1F1EC_1F1FA","🇬🇺|unicode|premium","broad_unicode","ready","true","uuigww-telegram_emoji_for_llm"
"5233464284930915439","unicode_1F1F3_1F1F7","🇳🇷","unicode_variant","restrictedemoji","RestrictedEmoji","🇳🇷|unicode_1F1F3_1F1F7","🇳🇷|unicode|premium","broad_unicode","ready","true","uuigww-telegram_emoji_for_llm"
"5233482856369504645","unicode_1F1E7_1F1F6","🇧🇶","unicode_variant","restrictedemoji","RestrictedEmoji","🇧🇶|unicode_1F1E7_1F1F6","🇧🇶|unicode|premium","broad_unicode","ready","true","uuigww-telegram_emoji_for_llm"
"5233523014313720667","unicode_1F1EC_1F1EB","🇬🇫","unicode_variant","restrictedemoji","RestrictedEmoji","🇬🇫|unicode_1F1EC_1F1EB","🇬🇫|unicode|premium","broad_unicode","ready","true","uuigww-telegram_emoji_for_llm"
"5233582259092601024","unicode_1F1EE_1F1E8","🇮🇨","unicode_variant","restrictedemoji","RestrictedEmoji","🇮🇨|unicode_1F1EE_1F1E8","🇮🇨|unicode|premium","broad_unicode","ready","true","uuigww-telegram_emoji_for_llm"
"5233608776220681373","unicode_1F43F","🐿","unicode_variant","restrictedemoji","RestrictedEmoji","🐿|unicode_1F43F","🐿|unicode|premium","broad_unicode","ready","true","uuigww-telegram_emoji_for_llm"
"5233616700435348314","unicode_1F1E7_1F1F1","🇧🇱","unicode_variant","restrictedemoji","RestrictedEmoji","🇧🇱|unicode_1F1E7_1F1F1","🇧🇱|unicode|premium","broad_unicode","ready","true","uuigww-telegram_emoji_for_llm"
"5233622988267472134","unicode_1F1E8_1F1FC","🇨🇼","unicode_variant","restrictedemoji","RestrictedEmoji","🇨🇼|unicode_1F1E8_1F1FC","🇨🇼|unicode|premium","broad_unicode","ready","true","uuigww-telegram_emoji_for_llm"
"5233687283927892876","unicode_1F1E6_1F1EC","🇦🇬","unicode_variant","restrictedemoji","RestrictedEmoji","🇦🇬|unicode_1F1E6_1F1EC","🇦🇬|unicode|premium","broad_unicode","ready","true","uuigww-telegram_emoji_for_llm"
"5233706705769997857","unicode_1FA81","🪁","unicode_variant","restrictedemoji","RestrictedEmoji","🪁|unicode_1FA81","🪁|unicode|premium","broad_unicode","ready","true","uuigww-telegram_emoji_for_llm"
"5235720796323719802","unicode_1F9A6","🦦","unicode_variant","restrictedemoji","RestrictedEmoji","🦦|unicode_1F9A6","🦦|unicode|premium","broad_unicode","ready","true","uuigww-telegram_emoji_for_llm"
"5235968465612848639","finder","🗂","brands_apps","apple","","finder","finder|🗂","catalogued","ready","true","zulut30-premium-telegram-emoji"
"5237795059369257857","unicode_1F6EC","🛬","unicode_variant","restrictedemoji","RestrictedEmoji","🛬|unicode_1F6EC","🛬|unicode|premium","broad_unicode","ready","true","uuigww-telegram_emoji_for_llm"
"5237799019329105246","unicode_1F9E0","🧠","unicode_variant","restrictedemoji","RestrictedEmoji","🧠|unicode_1F9E0","🧠|unicode|premium","broad_unicode","ready","true","uuigww-telegram_emoji_for_llm"
"5237808360882977239","unicode_2702_FE0F","✂️","unicode_variant","restrictedemoji","RestrictedEmoji","✂️|unicode_2702_FE0F","✂️|unicode|premium","broad_unicode","ready","true","uuigww-telegram_emoji_for_llm"
"5238108342873762772","unicode_1F98E","🦎","unicode_variant","restrictedemoji","RestrictedEmoji","🦎|unicode_1F98E","🦎|unicode|premium","broad_unicode","ready","true","uuigww-telegram_emoji_for_llm"
"5240241223632954241","cancel","❌","news_status","animated_news_emoji","NewsEmoji","cancel","cancel|❌","catalogued","ready","true","zulut30-premium-telegram-emoji"
"5242628160297641831","unicode_1F514","🔔","unicode_variant","restrictedemoji","RestrictedEmoji","🔔|unicode_1F514","🔔|unicode|premium","broad_unicode","ready","true","uuigww-telegram_emoji_for_llm"
"5244807637157029775","unicode_1F515","🔕","unicode_variant","restrictedemoji","RestrictedEmoji","🔕|unicode_1F515","🔕|unicode|premium","broad_unicode","ready","true","uuigww-telegram_emoji_for_llm"
"5244837092042750681","rising","📈","news_status","animated_news_emoji","NewsEmoji","rising","rising|📈","catalogued","ready","true","zulut30-premium-telegram-emoji"
"5244914019201984931","unicode_1F9AE","🦮","unicode_variant","restrictedemoji","RestrictedEmoji","🦮|unicode_1F9AE","🦮|unicode|premium","broad_unicode","ready","true","uuigww-telegram_emoji_for_llm"
"5246762912428603768","falling","📉","news_status","animated_news_emoji","NewsEmoji","falling","falling|📉","catalogued","ready","true","zulut30-premium-telegram-emoji"
"5247022225374063963","unicode_1F99B","🦛","unicode_variant","restrictedemoji","RestrictedEmoji","🦛|unicode_1F99B","🦛|unicode|premium","broad_unicode","ready","true","uuigww-telegram_emoji_for_llm"
"5249119354825487565","unicode_1FAE8","🫨","unicode_variant","restrictedemoji","RestrictedEmoji","🫨|unicode_1FAE8","🫨|unicode|premium","broad_unicode","ready","true","uuigww-telegram_emoji_for_llm"
"5251345466439772001","unicode_1F93F","🤿","unicode_variant","restrictedemoji","RestrictedEmoji","🤿|unicode_1F93F","🤿|unicode|premium","broad_unicode","ready","true","uuigww-telegram_emoji_for_llm"
"5251537923924306335","unicode_1F3F8","🏸","unicode_variant","restrictedemoji","RestrictedEmoji","🏸|unicode_1F3F8","🏸|unicode|premium","broad_unicode","ready","true","uuigww-telegram_emoji_for_llm"
"5253742260054409879","letter","✉️","news_status","animated_news_emoji","NewsEmoji","letter","letter|✉️","catalogued","ready","true","zulut30-premium-telegram-emoji"
"5255982403326846597","unicode_1F415_200D_1F9BA","🐕‍🦺","unicode_variant","restrictedemoji","RestrictedEmoji","🐕‍🦺|unicode_1F415_200D_1F9BA","🐕‍🦺|unicode|premium","broad_unicode","ready","true","uuigww-telegram_emoji_for_llm"
"5257955893554721164","c","💻","developer","it","","c","c|💻","catalogued","ready","true","zulut30-premium-telegram-emoji"
"5258023925836690090","java","💻","developer","it","","java","java|💻","catalogued","ready","true","zulut30-premium-telegram-emoji"
"5258035603852767295","c","💻","developer","it","","c","c|💻","catalogued","ready","true","zulut30-premium-telegram-emoji"
"5258042115023188415","javascript","💻","developer","it","","javascript","javascript|💻","catalogued","ready","true","zulut30-premium-telegram-emoji"
"5258112758645282249","unicode_1F432","🐲","unicode_variant","restrictedemoji","RestrictedEmoji","🐲|unicode_1F432","🐲|unicode|premium","broad_unicode","ready","true","uuigww-telegram_emoji_for_llm"
"5258117049317603088","go","💻","developer","it","","go","go|💻","catalogued","ready","true","zulut30-premium-telegram-emoji"
"5258211912260271058","ruby","💻","developer","it","","ruby","ruby|💻","catalogued","ready","true","zulut30-premium-telegram-emoji"
"5258230221705851779","typescript","💻","developer","it","","typescript","typescript|💻","catalogued","ready","true","zulut30-premium-telegram-emoji"
"5258245825322038265","php","💻","developer","it","","php","php|💻","catalogued","ready","true","zulut30-premium-telegram-emoji"
"5258297837375993253","html","💻","developer","it","","html","html|💻","catalogued","ready","true","zulut30-premium-telegram-emoji"
"5258322009451935122","c","💻","developer","it","","c","c|💻","catalogued","ready","true","zulut30-premium-telegram-emoji"
"5258338381867266341","lua","💻","developer","it","","lua","lua|💻","catalogued","ready","true","zulut30-premium-telegram-emoji"
"5258438772432842776","swift","💻","developer","it","","swift","swift|💻","catalogued","ready","true","zulut30-premium-telegram-emoji"
"5258439236289311492","kotlin","💻","developer","it","","kotlin","kotlin|💻","catalogued","ready","true","zulut30-premium-telegram-emoji"
"5260293700088511294","ban","🚫","news_status","animated_news_emoji","NewsEmoji","ban","ban|🚫","catalogued","ready","true","zulut30-premium-telegram-emoji"
"5260426225599405269","unicode_1FA84","🪄","unicode_variant","restrictedemoji","RestrictedEmoji","🪄|unicode_1FA84","🪄|unicode|premium","broad_unicode","ready","true","uuigww-telegram_emoji_for_llm"
"5260480440971570446","python","💻","developer","it","","python","python|💻","catalogued","ready","true","zulut30-premium-telegram-emoji"
"5260720207520867861","unicode_1F1F2_1F1E6","🇲🇦","unicode_variant","restrictedemoji","RestrictedEmoji","🇲🇦|unicode_1F1F2_1F1E6","🇲🇦|unicode|premium","broad_unicode","ready","true","uuigww-telegram_emoji_for_llm"
"5262677003210860950","unicode_1F1ED_1F1F7","🇭🇷","unicode_variant","restrictedemoji","RestrictedEmoji","🇭🇷|unicode_1F1ED_1F1F7","🇭🇷|unicode|premium","broad_unicode","ready","true","uuigww-telegram_emoji_for_llm"
"5262873863036872166","unicode_1F1E6_1F1F7","🇦🇷","unicode_variant","restrictedemoji","RestrictedEmoji","🇦🇷|unicode_1F1E6_1F1F7","🇦🇷|unicode|premium","broad_unicode","ready","true","uuigww-telegram_emoji_for_llm"
"5264710717470158023","unicode_26F3_FE0F","⛳️","unicode_variant","restrictedemoji","RestrictedEmoji","⛳️|unicode_26F3_FE0F","⛳️|unicode|premium","broad_unicode","ready","true","uuigww-telegram_emoji_for_llm"
"5264716824913671598","unicode_1F3E3","🏣","unicode_variant","restrictedemoji","RestrictedEmoji","🏣|unicode_1F3E3","🏣|unicode|premium","broad_unicode","ready","true","uuigww-telegram_emoji_for_llm"
"5264727218734524899","unicode_1F504","🔄","unicode_variant","restrictedemoji","RestrictedEmoji","🔄|unicode_1F504","🔄|unicode|premium","broad_unicode","ready","true","uuigww-telegram_emoji_for_llm"
"5264733042710181045","unicode_1F3E2","🏢","unicode_variant","restrictedemoji","RestrictedEmoji","🏢|unicode_1F3E2","🏢|unicode|premium","broad_unicode","ready","true","uuigww-telegram_emoji_for_llm"
"5264737672684907396","unicode_1F37B","🍻","unicode_variant","restrictedemoji","RestrictedEmoji","🍻|unicode_1F37B","🍻|unicode|premium","broad_unicode","ready","true","uuigww-telegram_emoji_for_llm"
"5264746606216904351","unicode_1F3ED","🏭","unicode_variant","restrictedemoji","RestrictedEmoji","🏭|unicode_1F3ED","🏭|unicode|premium","broad_unicode","ready","true","uuigww-telegram_emoji_for_llm"
"5264827875588077689","unicode_1F3E5","🏥","unicode_variant","restrictedemoji","RestrictedEmoji","🏥|unicode_1F3E5","🏥|unicode|premium","broad_unicode","ready","true","uuigww-telegram_emoji_for_llm"
"5264895611517300926","unicode_1F3E6","🏦","unicode_variant","restrictedemoji","RestrictedEmoji","🏦|unicode_1F3E6","🏦|unicode|premium","broad_unicode","ready","true","uuigww-telegram_emoji_for_llm"
"5264946326491134516","unicode_1F957","🥗","unicode_variant","restrictedemoji","RestrictedEmoji","🥗|unicode_1F957","🥗|unicode|premium","broad_unicode","ready","true","uuigww-telegram_emoji_for_llm"
"5265002646397285605","unicode_1F3EB","🏫","unicode_variant","restrictedemoji","RestrictedEmoji","🏫|unicode_1F3EB","🏫|unicode|premium","broad_unicode","ready","true","uuigww-telegram_emoji_for_llm"
"5265105755677159697","unicode_1F3EC","🏬","unicode_variant","restrictedemoji","RestrictedEmoji","🏬|unicode_1F3EC","🏬|unicode|premium","broad_unicode","ready","true","uuigww-telegram_emoji_for_llm"
"5265127836104011499","app","🌐","brands_apps","apple","","app","app|🌐","catalogued","ready","true","zulut30-premium-telegram-emoji"
"5265153614497740567","unicode_1F3BB","🎻","unicode_variant","restrictedemoji","RestrictedEmoji","🎻|unicode_1F3BB","🎻|unicode|premium","broad_unicode","ready","true","uuigww-telegram_emoji_for_llm"
"5265159812135546996","unicode_1F3E8","🏨","unicode_variant","restrictedemoji","RestrictedEmoji","🏨|unicode_1F3E8","🏨|unicode|premium","broad_unicode","ready","true","uuigww-telegram_emoji_for_llm"
"5265256642173235585","unicode_1F3E4","🏤","unicode_variant","restrictedemoji","RestrictedEmoji","🏤|unicode_1F3E4","🏤|unicode|premium","broad_unicode","ready","true","uuigww-telegram_emoji_for_llm"
"5267028002650204185","unicode_1F376","🍶","unicode_variant","restrictedemoji","RestrictedEmoji","🍶|unicode_1F376","🍶|unicode|premium","broad_unicode","ready","true","uuigww-telegram_emoji_for_llm"
"5267090670518025063","unicode_1F1FA_1F1EC","🇺🇬","unicode_variant","restrictedemoji","RestrictedEmoji","🇺🇬|unicode_1F1FA_1F1EC","🇺🇬|unicode|premium","broad_unicode","ready","true","uuigww-telegram_emoji_for_llm"
"5267092422864694820","unicode_1F3EA","🏪","unicode_variant","restrictedemoji","RestrictedEmoji","🏪|unicode_1F3EA","🏪|unicode|premium","broad_unicode","ready","true","uuigww-telegram_emoji_for_llm"
"5267341200255363810","unicode_1F6EB","🛫","unicode_variant","restrictedemoji","RestrictedEmoji","🛫|unicode_1F6EB","🛫|unicode|premium","broad_unicode","ready","true","uuigww-telegram_emoji_for_llm"
"5269245889402125871","unicode_1F3F3_FE0F_200D_1F308","🏳️‍🌈","unicode_variant","restrictedemoji","RestrictedEmoji","🏳️‍🌈|unicode_1F3F3_FE0F_200D_1F308","🏳️‍🌈|unicode|premium","broad_unicode","ready","true","uuigww-telegram_emoji_for_llm"
"5269256068474616775","unicode_1F1FA_1F1FE","🇺🇾","unicode_variant","restrictedemoji","RestrictedEmoji","🇺🇾|unicode_1F1FA_1F1FE","🇺🇾|unicode|premium","broad_unicode","ready","true","uuigww-telegram_emoji_for_llm"
"5269271835299560112","unicode_1F1F5_1F1E6","🇵🇦","unicode_variant","restrictedemoji","RestrictedEmoji","🇵🇦|unicode_1F1F5_1F1E6","🇵🇦|unicode|premium","broad_unicode","ready","true","uuigww-telegram_emoji_for_llm"
"5269360178481872158","unicode_1F1F9_1F1FF","🇹🇿","unicode_variant","restrictedemoji","RestrictedEmoji","🇹🇿|unicode_1F1F9_1F1FF","🇹🇿|unicode|premium","broad_unicode","ready","true","uuigww-telegram_emoji_for_llm"
"5269400778807720624","unicode_1F1E9_1F1FF","🇩🇿","unicode_variant","restrictedemoji","RestrictedEmoji","🇩🇿|unicode_1F1E9_1F1FF","🇩🇿|unicode|premium","broad_unicode","ready","true","uuigww-telegram_emoji_for_llm"
"5269407491841603689","unicode_1F1E8_1F1E9","🇨🇩","unicode_variant","restrictedemoji","RestrictedEmoji","🇨🇩|unicode_1F1E8_1F1E9","🇨🇩|unicode|premium","broad_unicode","ready","true","uuigww-telegram_emoji_for_llm"
"5269494559418629149","unicode_1F1E8_1F1F7","🇨🇷","unicode_variant","restrictedemoji","RestrictedEmoji","🇨🇷|unicode_1F1E8_1F1F7","🇨🇷|unicode|premium","broad_unicode","ready","true","uuigww-telegram_emoji_for_llm"
"5269534159017096888","unicode_1F3F3_FE0F_200D_26A7_FE0F","🏳️‍⚧️","unicode_variant","restrictedemoji","RestrictedEmoji","🏳️‍⚧️|unicode_1F3F3_FE0F_200D_26A7_FE0F","🏳️‍⚧️|unicode|premium","broad_unicode","ready","true","uuigww-telegram_emoji_for_llm"
"5269563867305879894","unicode_1F3D3","🏓","unicode_variant","restrictedemoji","RestrictedEmoji","🏓|unicode_1F3D3","🏓|unicode|premium","broad_unicode","ready","true","uuigww-telegram_emoji_for_llm"
"5269650286342846979","unicode_1F1F1_1F1FB","🇱🇻","unicode_variant","restrictedemoji","RestrictedEmoji","🇱🇻|unicode_1F1F1_1F1FB","🇱🇻|unicode|premium","broad_unicode","ready","true","uuigww-telegram_emoji_for_llm"
"5269660289321679111","unicode_1F1F5_1F1F0","🇵🇰","unicode_variant","restrictedemoji","RestrictedEmoji","🇵🇰|unicode_1F1F5_1F1F0","🇵🇰|unicode|premium","broad_unicode","ready","true","uuigww-telegram_emoji_for_llm"
"5269663308683688305","unicode_1F1F4_1F1F2","🇴🇲","unicode_variant","restrictedemoji","RestrictedEmoji","🇴🇲|unicode_1F1F4_1F1F2","🇴🇲|unicode|premium","broad_unicode","ready","true","uuigww-telegram_emoji_for_llm"
"5269679685393989166","unicode_1F1EA_1F1F9","🇪🇹","unicode_variant","restrictedemoji","RestrictedEmoji","🇪🇹|unicode_1F1EA_1F1F9","🇪🇹|unicode|premium","broad_unicode","ready","true","uuigww-telegram_emoji_for_llm"
"5269712902671055050","unicode_1F1F3_1F1FF","🇳🇿","unicode_variant","restrictedemoji","RestrictedEmoji","🇳🇿|unicode_1F1F3_1F1FF","🇳🇿|unicode|premium","broad_unicode","ready","true","uuigww-telegram_emoji_for_llm"
"5269725950781699509","unicode_1F1F0_1F1EA","🇰🇪","unicode_variant","restrictedemoji","RestrictedEmoji","🇰🇪|unicode_1F1F0_1F1EA","🇰🇪|unicode|premium","broad_unicode","ready","true","uuigww-telegram_emoji_for_llm"
"5269757084999628216","unicode_1F1F2_1F1FA","🇲🇺","unicode_variant","restrictedemoji","RestrictedEmoji","🇲🇺|unicode_1F1F2_1F1FA","🇲🇺|unicode|premium","broad_unicode","ready","true","uuigww-telegram_emoji_for_llm"
"5269767070798592290","unicode_1F1F5_1F1F7","🇵🇷","unicode_variant","restrictedemoji","RestrictedEmoji","🇵🇷|unicode_1F1F5_1F1F7","🇵🇷|unicode|premium","broad_unicode","ready","true","uuigww-telegram_emoji_for_llm"
"5271564922633869989","unicode_1F426_200D_2B1B_FE0F","🐦‍⬛️","unicode_variant","restrictedemoji","RestrictedEmoji","🐦‍⬛️|unicode_1F426_200D_2B1B_FE0F","🐦‍⬛️|unicode|premium","broad_unicode","ready","true","uuigww-telegram_emoji_for_llm"
"5271604874419647061","link","🔗","news_status","animated_news_emoji","NewsEmoji","link","link|🔗","catalogued","ready","true","zulut30-premium-telegram-emoji"
"5271878966347601947","unicode_1F1EE_1F1F7","🇮🇷","unicode_variant","restrictedemoji","RestrictedEmoji","🇮🇷|unicode_1F1EE_1F1F7","🇮🇷|unicode|premium|iran|persian|ایران|فارسی|نوروز|یلدا","broad_unicode|iran_culture_palette|persian_ui","ready","true","uuigww-telegram_emoji_for_llm"
"5271913686863208405","unicode_1FABF","🪿","unicode_variant","restrictedemoji","RestrictedEmoji","🪿|unicode_1FABF","🪿|unicode|premium","broad_unicode","ready","true","uuigww-telegram_emoji_for_llm"
"5274099962655816924","exclamation","❗","news_status","animated_news_emoji","NewsEmoji","exclamation","exclamation|❗","catalogued","ready","true","zulut30-premium-telegram-emoji"
"5276025009947551999","visual","🖼️","brands_apps","microsoft","","visual","visual|🖼️","catalogued","ready","true","zulut30-premium-telegram-emoji"
"5276032951342088188","explosion","💥","news_status","animated_news_emoji","NewsEmoji","explosion","explosion|💥","catalogued","ready","true","zulut30-premium-telegram-emoji"
"5276131082754872125","imac","🖥","brands_apps","apple","","imac","imac|🖥","catalogued","ready","true","zulut30-premium-telegram-emoji"
"5276289730256842699","unicode_1F43A","🐺","unicode_variant","restrictedemoji","RestrictedEmoji","🐺|unicode_1F43A","🐺|unicode|premium","broad_unicode","ready","true","uuigww-telegram_emoji_for_llm"
"5276381204470329471","shell","🧑‍💻","developer","it","","shell","shell|🧑‍💻","catalogued","ready","true","zulut30-premium-telegram-emoji"
"5278428495121248059","unicode_1FAB4","🪴","unicode_variant","restrictedemoji","RestrictedEmoji","🪴|unicode_1FAB4","🪴|unicode|premium","broad_unicode","ready","true","uuigww-telegram_emoji_for_llm"
"5278704833317052295","css","👩‍💻","developer","it","","css","css|👩‍💻","catalogued","ready","true","zulut30-premium-telegram-emoji"
"5278751704295152483","git","👩‍💻","developer","it","","git","git|👩‍💻","catalogued","ready","true","zulut30-premium-telegram-emoji"
"5278751923338490157","yuan","💴","news_status","animated_news_emoji","NewsEmoji","yuan","yuan|💴","catalogued","ready","true","zulut30-premium-telegram-emoji"
"5280639613004685879","unicode_1F43C","🐼","unicode_variant","restrictedemoji","RestrictedEmoji","🐼|unicode_1F43C","🐼|unicode|premium","broad_unicode","ready","true","uuigww-telegram_emoji_for_llm"
"5280735858926822987","unicode_1F947","🥇","unicode_variant","restrictedemoji","RestrictedEmoji","🥇|unicode_1F947","🥇|unicode|premium","broad_unicode","ready","true","uuigww-telegram_emoji_for_llm"
"5280924618444514633","unicode_1F43B_200D_2744_FE0F","🐻‍❄️","unicode_variant","restrictedemoji","RestrictedEmoji","🐻‍❄️|unicode_1F43B_200D_2744_FE0F","🐻‍❄️|unicode|premium","broad_unicode","ready","true","uuigww-telegram_emoji_for_llm"
"5281026503658728615","unicode_1F341","🍁","unicode_variant","restrictedemoji","RestrictedEmoji","🍁|unicode_1F341","🍁|unicode|premium","broad_unicode","ready","true","uuigww-telegram_emoji_for_llm"
"5282722547589196222","unicode_1F926","🤦","unicode_variant","restrictedemoji","RestrictedEmoji","🤦|unicode_1F926","🤦|unicode|premium","broad_unicode","ready","true","uuigww-telegram_emoji_for_llm"
"5282731554135615450","unicode_1F329","🌩","unicode_variant","restrictedemoji","RestrictedEmoji","🌩|unicode_1F329","🌩|unicode|premium","broad_unicode","ready","true","uuigww-telegram_emoji_for_llm"
"5282750778409233531","unicode_1F949","🥉","unicode_variant","restrictedemoji","RestrictedEmoji","🥉|unicode_1F949","🥉|unicode|premium","broad_unicode","ready","true","uuigww-telegram_emoji_for_llm"
"5282785636363807099","unicode_1F926_200D_2642_FE0F","🤦‍♂️","unicode_variant","restrictedemoji","RestrictedEmoji","🤦‍♂️|unicode_1F926_200D_2642_FE0F","🤦‍♂️|unicode|premium","broad_unicode","ready","true","uuigww-telegram_emoji_for_llm"
"5282786130285044165","unicode_1F424","🐤","unicode_variant","restrictedemoji","RestrictedEmoji","🐤|unicode_1F424","🐤|unicode|premium","broad_unicode","ready","true","uuigww-telegram_emoji_for_llm"
"5282816560128336499","unicode_1F431","🐱","unicode_variant","restrictedemoji","RestrictedEmoji","🐱|unicode_1F431","🐱|unicode|premium","broad_unicode","ready","true","uuigww-telegram_emoji_for_llm"
"5282822525837911765","unicode_1F43B","🐻","unicode_variant","restrictedemoji","RestrictedEmoji","🐻|unicode_1F43B","🐻|unicode|premium","broad_unicode","ready","true","uuigww-telegram_emoji_for_llm"
"5282833267551117457","unicode_1F328","🌨","unicode_variant","restrictedemoji","RestrictedEmoji","🌨|unicode_1F328","🌨|unicode|premium","broad_unicode","ready","true","uuigww-telegram_emoji_for_llm"
"5282938489954902480","unicode_1F439","🐹","unicode_variant","restrictedemoji","RestrictedEmoji","🐹|unicode_1F439","🐹|unicode|premium","broad_unicode","ready","true","uuigww-telegram_emoji_for_llm"
"5282939632416206153","unicode_26C8","⛈","unicode_variant","restrictedemoji","RestrictedEmoji","⛈|unicode_26C8","⛈|unicode|premium","broad_unicode","ready","true","uuigww-telegram_emoji_for_llm"
"5282989982317814757","unicode_1F428","🐨","unicode_variant","restrictedemoji","RestrictedEmoji","🐨|unicode_1F428","🐨|unicode|premium","broad_unicode","ready","true","uuigww-telegram_emoji_for_llm"
"5283020991981693429","unicode_1F436","🐶","unicode_variant","restrictedemoji","RestrictedEmoji","🐶|unicode_1F436","🐶|unicode|premium","broad_unicode","ready","true","uuigww-telegram_emoji_for_llm"
"5283021507377768251","unicode_1F926_200D_2640_FE0F","🤦‍♀️","unicode_variant","restrictedemoji","RestrictedEmoji","🤦‍♀️|unicode_1F926_200D_2640_FE0F","🤦‍♀️|unicode|premium","broad_unicode","ready","true","uuigww-telegram_emoji_for_llm"
"5283051451889756068","unicode_1F98A","🦊","unicode_variant","restrictedemoji","RestrictedEmoji","🦊|unicode_1F98A","🦊|unicode|premium","broad_unicode","ready","true","uuigww-telegram_emoji_for_llm"
"5283075860188898177","unicode_1F324","🌤","unicode_variant","restrictedemoji","RestrictedEmoji","🌤|unicode_1F324","🌤|unicode|premium","broad_unicode","ready","true","uuigww-telegram_emoji_for_llm"
"5283097055852503586","unicode_1F326","🌦","unicode_variant","restrictedemoji","RestrictedEmoji","🌦|unicode_1F326","🌦|unicode|premium","broad_unicode","ready","true","uuigww-telegram_emoji_for_llm"
"5283155153875116393","unicode_1F325","🌥","unicode_variant","restrictedemoji","RestrictedEmoji","🌥|unicode_1F325","🌥|unicode|premium","broad_unicode","ready","true","uuigww-telegram_emoji_for_llm"
"5283195573812340110","unicode_1F948","🥈","unicode_variant","restrictedemoji","RestrictedEmoji","🥈|unicode_1F948","🥈|unicode|premium","broad_unicode","ready","true","uuigww-telegram_emoji_for_llm"
"5283197442123114023","unicode_26C5_FE0F","⛅️","unicode_variant","restrictedemoji","RestrictedEmoji","⛅️|unicode_26C5_FE0F","⛅️|unicode|premium","broad_unicode","ready","true","uuigww-telegram_emoji_for_llm"
"5283202076392827429","unicode_1F414","🐔","unicode_variant","restrictedemoji","RestrictedEmoji","🐔|unicode_1F414","🐔|unicode|premium","broad_unicode","ready","true","uuigww-telegram_emoji_for_llm"
"5283220982838864517","unicode_1F42D","🐭","unicode_variant","restrictedemoji","RestrictedEmoji","🐭|unicode_1F42D","🐭|unicode|premium","broad_unicode","ready","true","uuigww-telegram_emoji_for_llm"
"5283243028905994049","unicode_1F327","🌧","unicode_variant","restrictedemoji","RestrictedEmoji","🌧|unicode_1F327","🌧|unicode|premium","broad_unicode","ready","true","uuigww-telegram_emoji_for_llm"
"5287571024500498635","unicode_2601_FE0F","☁️","unicode_variant","restrictedemoji","RestrictedEmoji","☁️|unicode_2601_FE0F","☁️|unicode|premium","broad_unicode","ready","true","uuigww-telegram_emoji_for_llm"
"5289959262540277451","unicode_1F1F2_1F1E8","🇲🇨","unicode_variant","restrictedemoji","RestrictedEmoji","🇲🇨|unicode_1F1F2_1F1E8","🇲🇨|unicode|premium","broad_unicode","ready","true","uuigww-telegram_emoji_for_llm"
"5290017777174722330","pound","💷","news_status","animated_news_emoji","NewsEmoji","pound","pound|💷","catalogued","ready","true","zulut30-premium-telegram-emoji"
"5291847690940852675","unicode_1F1F5_1F1F1","🇵🇱","unicode_variant","restrictedemoji","RestrictedEmoji","🇵🇱|unicode_1F1F5_1F1F1","🇵🇱|unicode|premium","broad_unicode","ready","true","uuigww-telegram_emoji_for_llm"
"5291937150814661333","unicode_1F1EE_1F1E9","🇮🇩","unicode_variant","restrictedemoji","RestrictedEmoji","🇮🇩|unicode_1F1EE_1F1E9","🇮🇩|unicode|premium","broad_unicode","ready","true","uuigww-telegram_emoji_for_llm"
"5292144120993686909","unicode_1F1F8_1F1EC","🇸🇬","unicode_variant","restrictedemoji","RestrictedEmoji","🇸🇬|unicode_1F1F8_1F1EC","🇸🇬|unicode|premium","broad_unicode","ready","true","uuigww-telegram_emoji_for_llm"
"5296369303661067030","lock","🔒","news_status","animated_news_emoji","NewsEmoji","lock","lock|🔒","catalogued","ready","true","zulut30-premium-telegram-emoji"
"5296383691801502055","visual","🧬","brands_apps","microsoft","","visual","visual|🧬","catalogued","ready","true","zulut30-premium-telegram-emoji"
"5298970683747867910","xbox","🎮","brands_apps","microsoft","","xbox","xbox|🎮","catalogued","ready","true","zulut30-premium-telegram-emoji"
"5300747589027635344","microsoft","👩‍💻","brands_apps","microsoft","","microsoft","microsoft|👩‍💻","catalogued","ready","true","zulut30-premium-telegram-emoji"
"5300838891442413975","debian","👩‍💻","developer","it","","debian","debian|👩‍💻","catalogued","ready","true","zulut30-premium-telegram-emoji"
"5300879633502184552","vue_js","👩‍💻","developer","it","","vue_js","vue|js|👩‍💻","catalogued","ready","true","zulut30-premium-telegram-emoji"
"5300905068298509813","pycharm","👩‍💻","developer","it","","pycharm","pycharm|👩‍💻","catalogued","ready","true","zulut30-premium-telegram-emoji"
"5300959605793235101","intellij","👩‍💻","developer","it","","intellij","intellij|👩‍💻","catalogued","ready","true","zulut30-premium-telegram-emoji"
"5301083932211550593","bash","👩‍💻","developer","it","","bash","bash|👩‍💻","catalogued","ready","true","zulut30-premium-telegram-emoji"
"5301110372030225169","powershell","👩‍💻","developer","it","","powershell","powershell|👩‍💻","catalogued","ready","true","zulut30-premium-telegram-emoji"
"5301137237050663843","docker","👩‍💻","developer","it","","docker","docker|👩‍💻","catalogued","ready","true","zulut30-premium-telegram-emoji"
"5301232280381956336","react","👩‍💻","developer","it","","react","react|👩‍💻","catalogued","ready","true","zulut30-premium-telegram-emoji"
"5301233981189005137","terminal","👩‍💻","developer","it","","terminal","terminal|👩‍💻","catalogued","ready","true","zulut30-premium-telegram-emoji"
"5305265301917549162","paperclip","📎","news_status","animated_news_emoji","NewsEmoji","paperclip","paperclip|📎","catalogued","ready","true","zulut30-premium-telegram-emoji"
"5305336095863485125","unicode_1F349","🍉","unicode_variant","restrictedemoji","RestrictedEmoji","🍉|unicode_1F349","🍉|unicode|premium|iran|persian|ایران|فارسی|نوروز|یلدا","broad_unicode|iran_culture_palette|persian_ui","ready","true","uuigww-telegram_emoji_for_llm"
"5308002793812955097","unicode_1F1F8_1F1FE","🇸🇾","unicode_variant","restrictedemoji","RestrictedEmoji","🇸🇾|unicode_1F1F8_1F1FE","🇸🇾|unicode|premium","broad_unicode","ready","true","uuigww-telegram_emoji_for_llm"
"5312331601156262728","apple","🧰","brands_apps","apple","","apple","apple|🧰","catalogued","ready","true","zulut30-premium-telegram-emoji"
"5318757666800031348","unicode_26D3_FE0F","⛓️","unicode_variant","restrictedemoji","RestrictedEmoji","⛓️|unicode_26D3_FE0F","⛓️|unicode|premium","broad_unicode","ready","true","uuigww-telegram_emoji_for_llm"
"5318986601441813952","unicode_1F413","🐓","unicode_variant","restrictedemoji","RestrictedEmoji","🐓|unicode_1F413","🐓|unicode|premium","broad_unicode","ready","true","uuigww-telegram_emoji_for_llm"
"5319003338929366294","unicode_1F9A4","🦤","unicode_variant","restrictedemoji","RestrictedEmoji","🦤|unicode_1F9A4","🦤|unicode|premium","broad_unicode","ready","true","uuigww-telegram_emoji_for_llm"
"5319139188744936824","unicode_1F6F8","🛸","unicode_variant","restrictedemoji","RestrictedEmoji","🛸|unicode_1F6F8","🛸|unicode|premium","broad_unicode","ready","true","uuigww-telegram_emoji_for_llm"
"5319290706601204434","unicode_1F390","🎐","unicode_variant","restrictedemoji","RestrictedEmoji","🎐|unicode_1F390","🎐|unicode|premium","broad_unicode","ready","true","uuigww-telegram_emoji_for_llm"
"5321304062715517873","unicode_1F6F0","🛰","unicode_variant","restrictedemoji","RestrictedEmoji","🛰|unicode_1F6F0","🛰|unicode|premium","broad_unicode","ready","true","uuigww-telegram_emoji_for_llm"
"5321330717282548473","clash","⚡","gaming","","","clash","clash|⚡","catalogued","ready","true","zulut30-premium-telegram-emoji"
"5323440478232783499","macbook","💻","brands_apps","apple","","macbook","macbook|💻","catalogued","ready","true","zulut30-premium-telegram-emoji"
"5323442290708985472","info","ℹ️","news_status","animated_news_emoji","NewsEmoji","info","info|ℹ️","catalogued","ready","true","zulut30-premium-telegram-emoji"
"5325622678101451093","unicode_1F400","🐀","unicode_variant","restrictedemoji","RestrictedEmoji","🐀|unicode_1F400","🐀|unicode|premium","broad_unicode","ready","true","uuigww-telegram_emoji_for_llm"
"5330015368788322059","unicode_1F943","🥃","unicode_variant","restrictedemoji","RestrictedEmoji","🥃|unicode_1F943","🥃|unicode|premium","broad_unicode","ready","true","uuigww-telegram_emoji_for_llm"
"5330100898767054648","unicode_1F5DD","🗝","unicode_variant","restrictedemoji","RestrictedEmoji","🗝|unicode_1F5DD","🗝|unicode|premium","broad_unicode","ready","true","uuigww-telegram_emoji_for_llm"
"5330115548900501467","unicode_1F511","🔑","unicode_variant","restrictedemoji","RestrictedEmoji","🔑|unicode_1F511","🔑|unicode|premium","broad_unicode","ready","true","uuigww-telegram_emoji_for_llm"
"5330136791808746014","unicode_1F378","🍸","unicode_variant","restrictedemoji","RestrictedEmoji","🍸|unicode_1F378","🍸|unicode|premium","broad_unicode","ready","true","uuigww-telegram_emoji_for_llm"
"5330157467781312171","chasy","🕐","brands_apps","apple","","chasy","chasy|🕐","catalogued","ready","true","zulut30-premium-telegram-emoji"
"5330280024673101519","unicode_1F377","🍷","unicode_variant","restrictedemoji","RestrictedEmoji","🍷|unicode_1F377","🍷|unicode|premium","broad_unicode","ready","true","uuigww-telegram_emoji_for_llm"
"5332299462461107995","unicode_1F1EE_1F1F1","🇮🇱","unicode_variant","restrictedemoji","RestrictedEmoji","🇮🇱|unicode_1F1EE_1F1F1","🇮🇱|unicode|premium","broad_unicode","ready","true","uuigww-telegram_emoji_for_llm"
"5332547853304734597","unicode_1F396","🎖","unicode_variant","restrictedemoji","RestrictedEmoji","🎖|unicode_1F396","🎖|unicode|premium","broad_unicode","ready","true","uuigww-telegram_emoji_for_llm"
"5332594174527022579","unicode_1F426","🐦","unicode_variant","restrictedemoji","RestrictedEmoji","🐦|unicode_1F426","🐦|unicode|premium","broad_unicode","ready","true","uuigww-telegram_emoji_for_llm"
"5334544901428229844","info2","ℹ️","news_status","animated_news_emoji","NewsEmoji","info2","info2|ℹ️","catalogued","ready","true","zulut30-premium-telegram-emoji"
"5334644364280866007","unicode_1F3C5","🏅","unicode_variant","restrictedemoji","RestrictedEmoji","🏅|unicode_1F3C5","🏅|unicode|premium","broad_unicode","ready","true","uuigww-telegram_emoji_for_llm"
"5334673106202010226","unicode_270F_FE0F","✏️","unicode_variant","restrictedemoji","RestrictedEmoji","✏️|unicode_270F_FE0F","✏️|unicode|premium","broad_unicode","ready","true","uuigww-telegram_emoji_for_llm"
"5334882760735598374","unicode_1F4DD","📝","unicode_variant","restrictedemoji","RestrictedEmoji","📝|unicode_1F4DD","📝|unicode|premium","broad_unicode","ready","true","uuigww-telegram_emoji_for_llm"
"5337080053119336309","like","👍","news_status","animated_news_emoji","NewsEmoji","like","like|👍","catalogued","ready","true","zulut30-premium-telegram-emoji"
"5339136715388887338","unicode_1F993","🦓","unicode_variant","restrictedemoji","RestrictedEmoji","🦓|unicode_1F993","🦓|unicode|premium","broad_unicode","ready","true","uuigww-telegram_emoji_for_llm"
"5339237329292764502","unicode_1F434","🐴","unicode_variant","restrictedemoji","RestrictedEmoji","🐴|unicode_1F434","🐴|unicode|premium","broad_unicode","ready","true","uuigww-telegram_emoji_for_llm"
"5339240099546673885","unicode_1F1F3_1F1EA","🇳🇪","unicode_variant","restrictedemoji","RestrictedEmoji","🇳🇪|unicode_1F1F3_1F1EA","🇳🇪|unicode|premium","broad_unicode","ready","true","uuigww-telegram_emoji_for_llm"
"5339279432857171449","unicode_1F1FF_1F1F2","🇿🇲","unicode_variant","restrictedemoji","RestrictedEmoji","🇿🇲|unicode_1F1FF_1F1F2","🇿🇲|unicode|premium","broad_unicode","ready","true","uuigww-telegram_emoji_for_llm"
"5339471048528114691","elexir","💻","developer","it","","elexir","elexir|💻","catalogued","ready","true","zulut30-premium-telegram-emoji"
"5339498171246588311","unicode_1F1F2_1F1FE","🇲🇾","unicode_variant","restrictedemoji","RestrictedEmoji","🇲🇾|unicode_1F1F2_1F1FE","🇲🇾|unicode|premium","broad_unicode","ready","true","uuigww-telegram_emoji_for_llm"
"5341271404329317987","unicode_1F1F0_1F1F5","🇰🇵","unicode_variant","restrictedemoji","RestrictedEmoji","🇰🇵|unicode_1F1F0_1F1F5","🇰🇵|unicode|premium","broad_unicode","ready","true","uuigww-telegram_emoji_for_llm"
"5341341330691863561","unicode_1F1F2_1F1FC","🇲🇼","unicode_variant","restrictedemoji","RestrictedEmoji","🇲🇼|unicode_1F1F2_1F1FC","🇲🇼|unicode|premium","broad_unicode","ready","true","uuigww-telegram_emoji_for_llm"
"5341464046497440643","unicode_1F9AC","🦬","unicode_variant","restrictedemoji","RestrictedEmoji","🦬|unicode_1F9AC","🦬|unicode|premium","broad_unicode","ready","true","uuigww-telegram_emoji_for_llm"
"5341471408071390957","unicode_1F1F9_1F1ED","🇹🇭","unicode_variant","restrictedemoji","RestrictedEmoji","🇹🇭|unicode_1F1F9_1F1ED","🇹🇭|unicode|premium","broad_unicode","ready","true","uuigww-telegram_emoji_for_llm"
"5341547124049852736","unicode_1F1FF_1F1E6","🇿🇦","unicode_variant","restrictedemoji","RestrictedEmoji","🇿🇦|unicode_1F1FF_1F1E6","🇿🇦|unicode|premium","broad_unicode","ready","true","uuigww-telegram_emoji_for_llm"
"5341564321098907092","unicode_1F1E8_1F1F4","🇨🇴","unicode_variant","restrictedemoji","RestrictedEmoji","🇨🇴|unicode_1F1E8_1F1F4","🇨🇴|unicode|premium","broad_unicode","ready","true","uuigww-telegram_emoji_for_llm"
"5341715473882955310","settings","⚙️","news_status","animated_news_emoji","NewsEmoji","settings","settings|⚙️","catalogued","ready","true","zulut30-premium-telegram-emoji"
"5341723801824541640","unicode_1F1E6_1F1EB","🇦🇫","unicode_variant","restrictedemoji","RestrictedEmoji","🇦🇫|unicode_1F1E6_1F1EB","🇦🇫|unicode|premium","broad_unicode","ready","true","uuigww-telegram_emoji_for_llm"
"5341732791191091574","unicode_1F1F1_1F1F0","🇱🇰","unicode_variant","restrictedemoji","RestrictedEmoji","🇱🇰|unicode_1F1F1_1F1F0","🇱🇰|unicode|premium","broad_unicode","ready","true","uuigww-telegram_emoji_for_llm"
"5343553685525899318","unicode_1F999","🦙","unicode_variant","restrictedemoji","RestrictedEmoji","🦙|unicode_1F999","🦙|unicode|premium","broad_unicode","ready","true","uuigww-telegram_emoji_for_llm"
"5343609421316521960","unicode_1F3A3","🎣","unicode_variant","restrictedemoji","RestrictedEmoji","🎣|unicode_1F3A3","🎣|unicode|premium","broad_unicode","ready","true","uuigww-telegram_emoji_for_llm"
"5343824560523322473","unicode_1F6C3","🛃","unicode_variant","restrictedemoji","RestrictedEmoji","🛃|unicode_1F6C3","🛃|unicode|premium","broad_unicode","ready","true","uuigww-telegram_emoji_for_llm"
"5345844204469782981","unicode_1F3D1","🏑","unicode_variant","restrictedemoji","RestrictedEmoji","🏑|unicode_1F3D1","🏑|unicode|premium","broad_unicode","ready","true","uuigww-telegram_emoji_for_llm"
"5346083885119734774","unicode_1F94D","🥍","unicode_variant","restrictedemoji","RestrictedEmoji","🥍|unicode_1F94D","🥍|unicode|premium","broad_unicode","ready","true","uuigww-telegram_emoji_for_llm"
"5346089086325130313","unicode_1F3CF","🏏","unicode_variant","restrictedemoji","RestrictedEmoji","🏏|unicode_1F3CF","🏏|unicode|premium","broad_unicode","ready","true","uuigww-telegram_emoji_for_llm"
"5346281767147960701","unicode_1F3D2","🏒","unicode_variant","restrictedemoji","RestrictedEmoji","🏒|unicode_1F3D2","🏒|unicode|premium","broad_unicode","ready","true","uuigww-telegram_emoji_for_llm"
"5346283455070109679","unicode_1FA83","🪃","unicode_variant","restrictedemoji","RestrictedEmoji","🪃|unicode_1FA83","🪃|unicode|premium","broad_unicode","ready","true","uuigww-telegram_emoji_for_llm"
"5348125953090403204","play","▶️","news_status","animated_news_emoji","NewsEmoji","play","play|▶️","catalogued","ready","true","zulut30-premium-telegram-emoji"
"5348308557919970713","unicode_1F36B","🍫","unicode_variant","restrictedemoji","RestrictedEmoji","🍫|unicode_1F36B","🍫|unicode|premium","broad_unicode","ready","true","uuigww-telegram_emoji_for_llm"
"5350310124349053625","unicode_1F4EA","📪","unicode_variant","restrictedemoji","RestrictedEmoji","📪|unicode_1F4EA","📪|unicode|premium","broad_unicode","ready","true","uuigww-telegram_emoji_for_llm"
"5350341795437911403","unicode_1FA93","🪓","unicode_variant","restrictedemoji","RestrictedEmoji","🪓|unicode_1FA93","🪓|unicode|premium","broad_unicode","ready","true","uuigww-telegram_emoji_for_llm"
"5350403531297809491","unicode_1F4EB","📫","unicode_variant","restrictedemoji","RestrictedEmoji","📫|unicode_1F4EB","📫|unicode|premium","broad_unicode","ready","true","uuigww-telegram_emoji_for_llm"
"5350421256627838238","unicode_1F4EC","📬","unicode_variant","restrictedemoji","RestrictedEmoji","📬|unicode_1F4EC","📬|unicode|premium","broad_unicode","ready","true","uuigww-telegram_emoji_for_llm"
"5350460637182993292","unicode_1F3AF","🎯","unicode_variant","restrictedemoji","RestrictedEmoji","🎯|unicode_1F3AF","🎯|unicode|premium","broad_unicode","ready","true","uuigww-telegram_emoji_for_llm"
"5350571717922167592","unicode_1F56F","🕯","unicode_variant","restrictedemoji","RestrictedEmoji","🕯|unicode_1F56F","🕯|unicode|premium","broad_unicode","ready","true","uuigww-telegram_emoji_for_llm"
"5350774831220532974","unicode_1F40E","🐎","unicode_variant","restrictedemoji","RestrictedEmoji","🐎|unicode_1F40E","🐎|unicode|premium","broad_unicode","ready","true","uuigww-telegram_emoji_for_llm"
"5350813992732338949","unicode_1F422","🐢","unicode_variant","restrictedemoji","RestrictedEmoji","🐢|unicode_1F422","🐢|unicode|premium","broad_unicode","ready","true","uuigww-telegram_emoji_for_llm"
"5350817398641404705","unicode_1F9A2","🦢","unicode_variant","restrictedemoji","RestrictedEmoji","🦢|unicode_1F9A2","🦢|unicode|premium","broad_unicode","ready","true","uuigww-telegram_emoji_for_llm"
"5352564041581614665","airpods","🎧","brands_apps","apple","","airpods","airpods|🎧","catalogued","ready","true","zulut30-premium-telegram-emoji"
"5352787590334395462","ubisoft","🎮","gaming","","","ubisoft","ubisoft|🎮","catalogued","ready","true","zulut30-premium-telegram-emoji"
"5352815688010441881","unicode_1F419","🐙","unicode_variant","restrictedemoji","RestrictedEmoji","🐙|unicode_1F419","🐙|unicode|premium","broad_unicode","ready","true","uuigww-telegram_emoji_for_llm"
"5352896944496728039","unicode_1F4ED","📭","unicode_variant","restrictedemoji","RestrictedEmoji","📭|unicode_1F4ED","📭|unicode|premium","broad_unicode","ready","true","uuigww-telegram_emoji_for_llm"
"5354916382284730411","unicode_1F346","🍆","unicode_variant","restrictedemoji","RestrictedEmoji","🍆|unicode_1F346","🍆|unicode|premium","broad_unicode","ready","true","uuigww-telegram_emoji_for_llm"
"5357035553508308603","unicode_1F1E8_1F1FA","🇨🇺","unicode_variant","restrictedemoji","RestrictedEmoji","🇨🇺|unicode_1F1E8_1F1FA","🇨🇺|unicode|premium","broad_unicode","ready","true","uuigww-telegram_emoji_for_llm"
"5357041699606503565","unicode_1FAF3","🫳","unicode_variant","restrictedemoji","RestrictedEmoji","🫳|unicode_1FAF3","🫳|unicode|premium","broad_unicode","ready","true","uuigww-telegram_emoji_for_llm"
"5357080225463149588","unicode_1F91D","🤝","unicode_variant","restrictedemoji","RestrictedEmoji","🤝|unicode_1F91D","🤝|unicode|premium","broad_unicode","ready","true","uuigww-telegram_emoji_for_llm"
"5357107687484038897","unicode_1FAF6","🫶","unicode_variant","restrictedemoji","RestrictedEmoji","🫶|unicode_1FAF6","🫶|unicode|premium","broad_unicode","ready","true","uuigww-telegram_emoji_for_llm"
"5357130455105679545","unicode_1F1F9_1F1F3","🇹🇳","unicode_variant","restrictedemoji","RestrictedEmoji","🇹🇳|unicode_1F1F9_1F1F3","🇹🇳|unicode|premium","broad_unicode","ready","true","uuigww-telegram_emoji_for_llm"
"5357233044694508227","unicode_1F437","🐷","unicode_variant","restrictedemoji","RestrictedEmoji","🐷|unicode_1F437","🐷|unicode|premium","broad_unicode","ready","true","uuigww-telegram_emoji_for_llm"
"5357255314099943456","unicode_1F1FF_1F1FC","🇿🇼","unicode_variant","restrictedemoji","RestrictedEmoji","🇿🇼|unicode_1F1FF_1F1FC","🇿🇼|unicode|premium","broad_unicode","ready","true","uuigww-telegram_emoji_for_llm"
"5357272214796255046","unicode_1F1E7_1F1F4","🇧🇴","unicode_variant","restrictedemoji","RestrictedEmoji","🇧🇴|unicode_1F1E7_1F1F4","🇧🇴|unicode|premium","broad_unicode","ready","true","uuigww-telegram_emoji_for_llm"
"5357374413543062283","unicode_1F1F0_1F1ED","🇰🇭","unicode_variant","restrictedemoji","RestrictedEmoji","🇰🇭|unicode_1F1F0_1F1ED","🇰🇭|unicode|premium","broad_unicode","ready","true","uuigww-telegram_emoji_for_llm"
"5357423427709838027","unicode_1FAF5","🫵","unicode_variant","restrictedemoji","RestrictedEmoji","🫵|unicode_1FAF5","🫵|unicode|premium","broad_unicode","ready","true","uuigww-telegram_emoji_for_llm"
"5357429539448299875","unicode_1FAF4","🫴","unicode_variant","restrictedemoji","RestrictedEmoji","🫴|unicode_1FAF4","🫴|unicode|premium","broad_unicode","ready","true","uuigww-telegram_emoji_for_llm"
"5357434603214748263","unicode_1F1EC_1F1F9","🇬🇹","unicode_variant","restrictedemoji","RestrictedEmoji","🇬🇹|unicode_1F1EC_1F1F9","🇬🇹|unicode|premium","broad_unicode","ready","true","uuigww-telegram_emoji_for_llm"
"5357461124637794049","unicode_1FAF0","🫰","unicode_variant","restrictedemoji","RestrictedEmoji","🫰|unicode_1FAF0","🫰|unicode|premium","broad_unicode","ready","true","uuigww-telegram_emoji_for_llm"
"5357490485034236365","unicode_1F1ED_1F1F9","🇭🇹","unicode_variant","restrictedemoji","RestrictedEmoji","🇭🇹|unicode_1F1ED_1F1F9","🇭🇹|unicode|premium","broad_unicode","ready","true","uuigww-telegram_emoji_for_llm"
"5357542359649237058","unicode_1F1E7_1F1EE","🇧🇮","unicode_variant","restrictedemoji","RestrictedEmoji","🇧🇮|unicode_1F1E7_1F1EE","🇧🇮|unicode|premium","broad_unicode","ready","true","uuigww-telegram_emoji_for_llm"
"5357546847890055677","unicode_1F43D","🐽","unicode_variant","restrictedemoji","RestrictedEmoji","🐽|unicode_1F43D","🐽|unicode|premium","broad_unicode","ready","true","uuigww-telegram_emoji_for_llm"
"5359298442927545442","wordpress","🌐","developer","it","","wordpress","wordpress|🌐","catalogued","ready","true","zulut30-premium-telegram-emoji"
"5359299744302639114","unicode_1FA7A","🩺","unicode_variant","restrictedemoji","RestrictedEmoji","🩺|unicode_1FA7A","🩺|unicode|premium","broad_unicode","ready","true","uuigww-telegram_emoji_for_llm"
"5359370246190801956","unicode_2615_FE0F","☕️","unicode_variant","restrictedemoji","RestrictedEmoji","☕️|unicode_2615_FE0F","☕️|unicode|premium|iran|persian|ایران|فارسی|نوروز|یلدا","broad_unicode|iran_culture_palette|persian_ui","ready","true","uuigww-telegram_emoji_for_llm"
"5359437440954147777","unicode_1F6E5","🛥","unicode_variant","restrictedemoji","RestrictedEmoji","🛥|unicode_1F6E5","🛥|unicode|premium","broad_unicode","ready","true","uuigww-telegram_emoji_for_llm"
"5359441070201513074","unicode_1F3AD","🎭","unicode_variant","restrictedemoji","RestrictedEmoji","🎭|unicode_1F3AD","🎭|unicode|premium","broad_unicode","ready","true","uuigww-telegram_emoji_for_llm"
"5359457966602854567","minecraft","🎮","gaming","","","minecraft","minecraft|🎮","catalogued","ready","true","zulut30-premium-telegram-emoji"
"5359484256097673786","safari","🔎","brands_apps","apple","","safari","safari|🔎","catalogued","ready","true","zulut30-premium-telegram-emoji"
"5359528550095402400","unicode_1F1F7_1F1FC","🇷🇼","unicode_variant","restrictedemoji","RestrictedEmoji","🇷🇼|unicode_1F1F7_1F1FC","🇷🇼|unicode|premium","broad_unicode","ready","true","uuigww-telegram_emoji_for_llm"
"5359543311897998264","pause","⏸","news_status","animated_news_emoji","NewsEmoji","pause","pause|⏸","catalogued","ready","true","zulut30-premium-telegram-emoji"
"5359595190807962128","unicode_1F682","🚂","unicode_variant","restrictedemoji","RestrictedEmoji","🚂|unicode_1F682","🚂|unicode|premium","broad_unicode","ready","true","uuigww-telegram_emoji_for_llm"
"5359624993586034294","unicode_1F1EA_1F1E8","🇪🇨","unicode_variant","restrictedemoji","RestrictedEmoji","🇪🇨|unicode_1F1EA_1F1E8","🇪🇨|unicode|premium","broad_unicode","ready","true","uuigww-telegram_emoji_for_llm"
"5359636199155704118","unicode_1F3D5","🏕","unicode_variant","restrictedemoji","RestrictedEmoji","🏕|unicode_1F3D5","🏕|unicode|premium","broad_unicode","ready","true","uuigww-telegram_emoji_for_llm"
"5359678839591018693","unicode_1F37D","🍽","unicode_variant","restrictedemoji","RestrictedEmoji","🍽|unicode_1F37D","🍽|unicode|premium","broad_unicode","ready","true","uuigww-telegram_emoji_for_llm"
"5359741159566484212","unicode_1F5F3","🗳","unicode_variant","restrictedemoji","RestrictedEmoji","🗳|unicode_1F5F3","🗳|unicode|premium","broad_unicode","ready","true","uuigww-telegram_emoji_for_llm"
"5359778044745622115","unicode_1F3DB","🏛","unicode_variant","restrictedemoji","RestrictedEmoji","🏛|unicode_1F3DB","🏛|unicode|premium","broad_unicode","ready","true","uuigww-telegram_emoji_for_llm"
"5359785904535774578","unicode_1F4BC","💼","unicode_variant","restrictedemoji","RestrictedEmoji","💼|unicode_1F4BC","💼|unicode|premium","broad_unicode","ready","true","uuigww-telegram_emoji_for_llm"
"5361541227604878624","unicode_1F427","🐧","unicode_variant","restrictedemoji","RestrictedEmoji","🐧|unicode_1F427","🐧|unicode|premium","broad_unicode","ready","true","uuigww-telegram_emoji_for_llm"
"5361600266225326825","unicode_2708_FE0F","✈️","unicode_variant","restrictedemoji","RestrictedEmoji","✈️|unicode_2708_FE0F","✈️|unicode|premium","broad_unicode","ready","true","uuigww-telegram_emoji_for_llm"
"5361600498153564481","unicode_1F990","🦐","unicode_variant","restrictedemoji","RestrictedEmoji","🦐|unicode_1F990","🦐|unicode|premium","broad_unicode","ready","true","uuigww-telegram_emoji_for_llm"
"5361632650278744629","unicode_1F988","🦈","unicode_variant","restrictedemoji","RestrictedEmoji","🦈|unicode_1F988","🦈|unicode|premium","broad_unicode","ready","true","uuigww-telegram_emoji_for_llm"
"5361684086807076580","unicode_1F379","🍹","unicode_variant","restrictedemoji","RestrictedEmoji","🍹|unicode_1F379","🍹|unicode|premium","broad_unicode","ready","true","uuigww-telegram_emoji_for_llm"
"5361748661640372834","unicode_1F4C9","📉","unicode_variant","restrictedemoji","RestrictedEmoji","📉|unicode_1F4C9","📉|unicode|premium","broad_unicode","ready","true","uuigww-telegram_emoji_for_llm"
"5361837567463399422","unicode_1F52E","🔮","unicode_variant","restrictedemoji","RestrictedEmoji","🔮|unicode_1F52E","🔮|unicode|premium","broad_unicode","ready","true","uuigww-telegram_emoji_for_llm"
"5361979468887893611","unicode_1F195","🆕","unicode_variant","restrictedemoji","RestrictedEmoji","🆕|unicode_1F195","🆕|unicode|premium","broad_unicode","ready","true","uuigww-telegram_emoji_for_llm"
"5362038683602002650","unicode_1F192","🆒","unicode_variant","restrictedemoji","RestrictedEmoji","🆒|unicode_1F192","🆒|unicode|premium","broad_unicode","ready","true","uuigww-telegram_emoji_for_llm"
"5362063083311214432","unicode_1F42C","🐬","unicode_variant","restrictedemoji","RestrictedEmoji","🐬|unicode_1F42C","🐬|unicode|premium","broad_unicode","ready","true","uuigww-telegram_emoji_for_llm"
"5363850326577259091","unicode_1F197","🆗","unicode_variant","restrictedemoji","RestrictedEmoji","🆗|unicode_1F197","🆗|unicode|premium","broad_unicode","ready","true","uuigww-telegram_emoji_for_llm"
"5363944407835887138","tychkovye","🔪","gaming","","","tychkovye","tychkovye|🔪","catalogued","ready","true","zulut30-premium-telegram-emoji"
"5364105043907716258","unicode_1F199","🆙","unicode_variant","restrictedemoji","RestrictedEmoji","🆙|unicode_1F199","🆙|unicode|premium","broad_unicode","ready","true","uuigww-telegram_emoji_for_llm"
"5364112491381006601","unicode_1F193","🆓","unicode_variant","restrictedemoji","RestrictedEmoji","🆓|unicode_1F193","🆓|unicode|premium","broad_unicode","ready","true","uuigww-telegram_emoji_for_llm"
"5364192347707951870","nozh","🔪","gaming","","","nozh","nozh|🔪","catalogued","ready","true","zulut30-premium-telegram-emoji"
"5364298326025970096","unicode_1F42F","🐯","unicode_variant","restrictedemoji","RestrictedEmoji","🐯|unicode_1F42F","🐯|unicode|premium","broad_unicode","ready","true","uuigww-telegram_emoji_for_llm"
"5366318141771096216","windows","👩‍💻","brands_apps","microsoft","","windows","windows|👩‍💻","catalogued","ready","true","zulut30-premium-telegram-emoji"
"5368469400695351161","unicode_1F40C","🐌","unicode_variant","restrictedemoji","RestrictedEmoji","🐌|unicode_1F40C","🐌|unicode|premium","broad_unicode","ready","true","uuigww-telegram_emoji_for_llm"
"5368487491097601104","unicode_1F41E","🐞","unicode_variant","restrictedemoji","RestrictedEmoji","🐞|unicode_1F41E","🐞|unicode|premium","broad_unicode","ready","true","uuigww-telegram_emoji_for_llm"
"5368544635637475254","unicode_2618_FE0F","☘️","unicode_variant","restrictedemoji","RestrictedEmoji","☘️|unicode_2618_FE0F","☘️|unicode|premium","broad_unicode","ready","true","uuigww-telegram_emoji_for_llm"
"5368684320858843385","unicode_1F986","🦆","unicode_variant","restrictedemoji","RestrictedEmoji","🦆|unicode_1F986","🦆|unicode|premium","broad_unicode","ready","true","uuigww-telegram_emoji_for_llm"
"5370547013815376328","unicode_1F636_200D_1F32B_FE0F","😶‍🌫️","unicode_variant","restrictedemoji","RestrictedEmoji","😶‍🌫️|unicode_1F636_200D_1F32B_FE0F","😶‍🌫️|unicode|premium","broad_unicode","ready","true","uuigww-telegram_emoji_for_llm"
"5370553005294754329","unicode_1F629","😩","unicode_variant","restrictedemoji","RestrictedEmoji","😩|unicode_1F629","😩|unicode|premium","broad_unicode","ready","true","uuigww-telegram_emoji_for_llm"
"5370562939554111732","unicode_1F928","🤨","unicode_variant","restrictedemoji","RestrictedEmoji","🤨|unicode_1F928","🤨|unicode|premium","broad_unicode","ready","true","uuigww-telegram_emoji_for_llm"
"5370564490037303348","unicode_1F61D","😝","unicode_variant","restrictedemoji","RestrictedEmoji","😝|unicode_1F61D","😝|unicode|premium","broad_unicode","ready","true","uuigww-telegram_emoji_for_llm"
"5370571834431380930","unicode_1F974","🥴","unicode_variant","restrictedemoji","RestrictedEmoji","🥴|unicode_1F974","🥴|unicode|premium","broad_unicode","ready","true","uuigww-telegram_emoji_for_llm"
"5370574634750056701","unicode_1F978","🥸","unicode_variant","restrictedemoji","RestrictedEmoji","🥸|unicode_1F978","🥸|unicode|premium","broad_unicode","ready","true","uuigww-telegram_emoji_for_llm"
"5370588928401218156","unicode_1F636","😶","unicode_variant","restrictedemoji","RestrictedEmoji","😶|unicode_1F636","😶|unicode|premium","broad_unicode","ready","true","uuigww-telegram_emoji_for_llm"
"5370597492566006063","unicode_1F63B","😻","unicode_variant","restrictedemoji","RestrictedEmoji","😻|unicode_1F63B","😻|unicode|premium","broad_unicode","ready","true","uuigww-telegram_emoji_for_llm"
"5370601486885591701","unicode_1F603","😃","unicode_variant","restrictedemoji","RestrictedEmoji","😃|unicode_1F603","😃|unicode|premium","broad_unicode","ready","true","uuigww-telegram_emoji_for_llm"
"5370603784693094754","unicode_1F625","😥","unicode_variant","restrictedemoji","RestrictedEmoji","😥|unicode_1F625","😥|unicode|premium","broad_unicode","ready","true","uuigww-telegram_emoji_for_llm"
"5370610867094166617","unicode_1F383","🎃","unicode_variant","restrictedemoji","RestrictedEmoji","🎃|unicode_1F383","🎃|unicode|premium","broad_unicode","ready","true","uuigww-telegram_emoji_for_llm"
"5370646412243510708","unicode_1F62D","😭","unicode_variant","restrictedemoji","RestrictedEmoji","😭|unicode_1F62D","😭|unicode|premium","broad_unicode","ready","true","uuigww-telegram_emoji_for_llm"
"5370650883304462905","unicode_1F624","😤","unicode_variant","restrictedemoji","RestrictedEmoji","😤|unicode_1F624","😤|unicode|premium","broad_unicode","ready","true","uuigww-telegram_emoji_for_llm"
"5370663188385766522","unicode_2639_FE0F","☹️","unicode_variant","restrictedemoji","RestrictedEmoji","☹️|unicode_2639_FE0F","☹️|unicode|premium","broad_unicode","ready","true","uuigww-telegram_emoji_for_llm"
"5370664287897393412","unicode_1F628","😨","unicode_variant","restrictedemoji","RestrictedEmoji","😨|unicode_1F628","😨|unicode|premium","broad_unicode","ready","true","uuigww-telegram_emoji_for_llm"
"5370669532052461802","unicode_1F644","🙄","unicode_variant","restrictedemoji","RestrictedEmoji","🙄|unicode_1F644","🙄|unicode|premium","broad_unicode","ready","true","uuigww-telegram_emoji_for_llm"
"5370677443382221953","unicode_1F639","😹","unicode_variant","restrictedemoji","RestrictedEmoji","😹|unicode_1F639","😹|unicode|premium","broad_unicode","ready","true","uuigww-telegram_emoji_for_llm"
"5370679174254041760","unicode_1F638","😸","unicode_variant","restrictedemoji","RestrictedEmoji","😸|unicode_1F638","😸|unicode|premium","broad_unicode","ready","true","uuigww-telegram_emoji_for_llm"
"5370679238678551249","unicode_1F623","😣","unicode_variant","restrictedemoji","RestrictedEmoji","😣|unicode_1F623","😣|unicode|premium","broad_unicode","ready","true","uuigww-telegram_emoji_for_llm"
"5370689026909018935","unicode_1F959","🥙","unicode_variant","restrictedemoji","RestrictedEmoji","🥙|unicode_1F959","🥙|unicode|premium","broad_unicode","ready","true","uuigww-telegram_emoji_for_llm"
"5370699111492229743","unicode_1F60C","😌","unicode_variant","restrictedemoji","RestrictedEmoji","😌|unicode_1F60C","😌|unicode|premium","broad_unicode","ready","true","uuigww-telegram_emoji_for_llm"
"5370702049249859619","unicode_1F637","😷","unicode_variant","restrictedemoji","RestrictedEmoji","😷|unicode_1F637","😷|unicode|premium","broad_unicode","ready","true","uuigww-telegram_emoji_for_llm"
"5370704475906383039","unicode_1F640","🙀","unicode_variant","restrictedemoji","RestrictedEmoji","🙀|unicode_1F640","🙀|unicode|premium","broad_unicode","ready","true","uuigww-telegram_emoji_for_llm"
"5370712413005945913","unicode_1F923","🤣","unicode_variant","restrictedemoji","RestrictedEmoji","🤣|unicode_1F923","🤣|unicode|premium","broad_unicode","ready","true","uuigww-telegram_emoji_for_llm"
"5370724786806725431","unicode_1F32D","🌭","unicode_variant","restrictedemoji","RestrictedEmoji","🌭|unicode_1F32D","🌭|unicode|premium","broad_unicode","ready","true","uuigww-telegram_emoji_for_llm"
"5370724846936267183","unicode_1F914","🤔","unicode_variant","restrictedemoji","RestrictedEmoji","🤔|unicode_1F914","🤔|unicode|premium","broad_unicode","ready","true","uuigww-telegram_emoji_for_llm"
"5370731117588523522","unicode_1F33C","🌼","unicode_variant","restrictedemoji","RestrictedEmoji","🌼|unicode_1F33C","🌼|unicode|premium","broad_unicode","ready","true","uuigww-telegram_emoji_for_llm"
"5370738629486319646","unicode_1F60A","😊","unicode_variant","restrictedemoji","RestrictedEmoji","😊|unicode_1F60A","😊|unicode|premium","broad_unicode","ready","true","uuigww-telegram_emoji_for_llm"
"5370743302410738268","unicode_1F924","🤤","unicode_variant","restrictedemoji","RestrictedEmoji","🤤|unicode_1F924","🤤|unicode|premium","broad_unicode","ready","true","uuigww-telegram_emoji_for_llm"
"5370745797786738962","unicode_1F92F","🤯","unicode_variant","restrictedemoji","RestrictedEmoji","🤯|unicode_1F92F","🤯|unicode|premium","broad_unicode","ready","true","uuigww-telegram_emoji_for_llm"
"5370752953202252786","unicode_1F620","😠","unicode_variant","restrictedemoji","RestrictedEmoji","😠|unicode_1F620","😠|unicode|premium","broad_unicode","ready","true","uuigww-telegram_emoji_for_llm"
"5370763368497944736","unicode_1F612","😒","unicode_variant","restrictedemoji","RestrictedEmoji","😒|unicode_1F612","😒|unicode|premium","broad_unicode","ready","true","uuigww-telegram_emoji_for_llm"
"5370765563226236970","unicode_1F5E3","🗣","unicode_variant","restrictedemoji","RestrictedEmoji","🗣|unicode_1F5E3","🗣|unicode|premium","broad_unicode","ready","true","uuigww-telegram_emoji_for_llm"
"5370771949842602821","unicode_1F610","😐","unicode_variant","restrictedemoji","RestrictedEmoji","😐|unicode_1F610","😐|unicode|premium","broad_unicode","ready","true","uuigww-telegram_emoji_for_llm"
"5370775909802449577","unicode_1F964","🥤","unicode_variant","restrictedemoji","RestrictedEmoji","🥤|unicode_1F964","🥤|unicode|premium","broad_unicode","ready","true","uuigww-telegram_emoji_for_llm"
"5370781385885751708","unicode_1F614","😔","unicode_variant","restrictedemoji","RestrictedEmoji","😔|unicode_1F614","😔|unicode|premium","broad_unicode","ready","true","uuigww-telegram_emoji_for_llm"
"5370782936368946402","unicode_1FAE2","🫢","unicode_variant","restrictedemoji","RestrictedEmoji","🫢|unicode_1FAE2","🫢|unicode|premium","broad_unicode","ready","true","uuigww-telegram_emoji_for_llm"
"5370783443175086955","unicode_1F36A","🍪","unicode_variant","restrictedemoji","RestrictedEmoji","🍪|unicode_1F36A","🍪|unicode|premium","broad_unicode","ready","true","uuigww-telegram_emoji_for_llm"
"5370810157871667232","unicode_1F631","😱","unicode_variant","restrictedemoji","RestrictedEmoji","😱|unicode_1F631","😱|unicode|premium","broad_unicode","ready","true","uuigww-telegram_emoji_for_llm"
"5370812696197339229","unicode_1F61E","😞","unicode_variant","restrictedemoji","RestrictedEmoji","😞|unicode_1F61E","😞|unicode|premium","broad_unicode","ready","true","uuigww-telegram_emoji_for_llm"
"5370817227387857270","unicode_1F36E","🍮","unicode_variant","restrictedemoji","RestrictedEmoji","🍮|unicode_1F36E","🍮|unicode|premium","broad_unicode","ready","true","uuigww-telegram_emoji_for_llm"
"5370823648363943942","unicode_1F61B","😛","unicode_variant","restrictedemoji","RestrictedEmoji","😛|unicode_1F61B","😛|unicode|premium","broad_unicode","ready","true","uuigww-telegram_emoji_for_llm"
"5370824412868122831","unicode_1F62E","😮","unicode_variant","restrictedemoji","RestrictedEmoji","😮|unicode_1F62E","😮|unicode|premium","broad_unicode","ready","true","uuigww-telegram_emoji_for_llm"
"5370842086658546991","unicode_2620_FE0F","☠️","unicode_variant","restrictedemoji","RestrictedEmoji","☠️|unicode_2620_FE0F","☠️|unicode|premium","broad_unicode","ready","true","uuigww-telegram_emoji_for_llm"
"5370843963559254781","unicode_1F616","😖","unicode_variant","restrictedemoji","RestrictedEmoji","😖|unicode_1F616","😖|unicode|premium","broad_unicode","ready","true","uuigww-telegram_emoji_for_llm"
"5370846862662179567","unicode_1F613","😓","unicode_variant","restrictedemoji","RestrictedEmoji","😓|unicode_1F613","😓|unicode|premium","broad_unicode","ready","true","uuigww-telegram_emoji_for_llm"
"5370849697340593527","unicode_1FAE4","🫤","unicode_variant","restrictedemoji","RestrictedEmoji","🫤|unicode_1FAE4","🫤|unicode|premium","broad_unicode","ready","true","uuigww-telegram_emoji_for_llm"
"5370853232098681087","unicode_1F92A","🤪","unicode_variant","restrictedemoji","RestrictedEmoji","🤪|unicode_1F92A","🤪|unicode|premium","broad_unicode","ready","true","uuigww-telegram_emoji_for_llm"
"5370856741086960948","unicode_1F608","😈","unicode_variant","restrictedemoji","RestrictedEmoji","😈|unicode_1F608","😈|unicode|premium","broad_unicode","ready","true","uuigww-telegram_emoji_for_llm"
"5370856771151730818","unicode_1F913","🤓","unicode_variant","restrictedemoji","RestrictedEmoji","🤓|unicode_1F913","🤓|unicode|premium","broad_unicode","ready","true","uuigww-telegram_emoji_for_llm"
"5370867268051806190","unicode_1FAC2","🫂","unicode_variant","restrictedemoji","RestrictedEmoji","🫂|unicode_1FAC2","🫂|unicode|premium","broad_unicode","ready","true","uuigww-telegram_emoji_for_llm"
"5370869711888194012","unicode_1F47E","👾","unicode_variant","restrictedemoji","RestrictedEmoji","👾|unicode_1F47E","👾|unicode|premium","broad_unicode","ready","true","uuigww-telegram_emoji_for_llm"
"5370870691140737817","unicode_1F973","🥳","unicode_variant","restrictedemoji","RestrictedEmoji","🥳|unicode_1F973","🥳|unicode|premium","broad_unicode","ready","true","uuigww-telegram_emoji_for_llm"
"5370872220149099318","unicode_1F46E_200D_2640_FE0F","👮‍♀️","unicode_variant","restrictedemoji","RestrictedEmoji","👮‍♀️|unicode_1F46E_200D_2640_FE0F","👮‍♀️|unicode|premium","broad_unicode","ready","true","uuigww-telegram_emoji_for_llm"
"5370880659759831851","unicode_1F927","🤧","unicode_variant","restrictedemoji","RestrictedEmoji","🤧|unicode_1F927","🤧|unicode|premium","broad_unicode","ready","true","uuigww-telegram_emoji_for_llm"
"5370881342659631698","unicode_1F622","😢","unicode_variant","restrictedemoji","RestrictedEmoji","😢|unicode_1F622","😢|unicode|premium","broad_unicode","ready","true","uuigww-telegram_emoji_for_llm"
"5370890542479579293","unicode_1F635_200D_1F4AB","😵‍💫","unicode_variant","restrictedemoji","RestrictedEmoji","😵‍💫|unicode_1F635_200D_1F4AB","😵‍💫|unicode|premium","broad_unicode","ready","true","uuigww-telegram_emoji_for_llm"
"5370892118732576453","unicode_1F627","😧","unicode_variant","restrictedemoji","RestrictedEmoji","😧|unicode_1F627","😧|unicode|premium","broad_unicode","ready","true","uuigww-telegram_emoji_for_llm"
"5370900768796711127","unicode_1F37E","🍾","unicode_variant","restrictedemoji","RestrictedEmoji","🍾|unicode_1F37E","🍾|unicode|premium","broad_unicode","ready","true","uuigww-telegram_emoji_for_llm"
"5370900820336319679","unicode_1F970","🥰","unicode_variant","restrictedemoji","RestrictedEmoji","🥰|unicode_1F970","🥰|unicode|premium","broad_unicode","ready","true","uuigww-telegram_emoji_for_llm"
"5370930189322688800","unicode_1F92B","🤫","unicode_variant","restrictedemoji","RestrictedEmoji","🤫|unicode_1F92B","🤫|unicode|premium","broad_unicode","ready","true","uuigww-telegram_emoji_for_llm"
"5370940699107662298","unicode_1F32E","🌮","unicode_variant","restrictedemoji","RestrictedEmoji","🌮|unicode_1F32E","🌮|unicode|premium","broad_unicode","ready","true","uuigww-telegram_emoji_for_llm"
"5370947515220761242","unicode_1F607","😇","unicode_variant","restrictedemoji","RestrictedEmoji","😇|unicode_1F607","😇|unicode|premium","broad_unicode","ready","true","uuigww-telegram_emoji_for_llm"
"5370953476635368811","unicode_1F602","😂","unicode_variant","restrictedemoji","RestrictedEmoji","😂|unicode_1F602","😂|unicode|premium","broad_unicode","ready","true","uuigww-telegram_emoji_for_llm"
"5370959021438146805","unicode_1F972","🥲","unicode_variant","restrictedemoji","RestrictedEmoji","🥲|unicode_1F972","🥲|unicode|premium","broad_unicode","ready","true","uuigww-telegram_emoji_for_llm"
"5370962534721395008","unicode_1F35F","🍟","unicode_variant","restrictedemoji","RestrictedEmoji","🍟|unicode_1F35F","🍟|unicode|premium","broad_unicode","ready","true","uuigww-telegram_emoji_for_llm"
"5370964879773539088","unicode_1F62F","😯","unicode_variant","restrictedemoji","RestrictedEmoji","😯|unicode_1F62F","😯|unicode|premium","broad_unicode","ready","true","uuigww-telegram_emoji_for_llm"
"5370967353674701492","unicode_1F61A","😚","unicode_variant","restrictedemoji","RestrictedEmoji","😚|unicode_1F61A","😚|unicode|premium","broad_unicode","ready","true","uuigww-telegram_emoji_for_llm"
"5370971163310693562","unicode_1F480","💀","unicode_variant","restrictedemoji","RestrictedEmoji","💀|unicode_1F480","💀|unicode|premium","broad_unicode","ready","true","uuigww-telegram_emoji_for_llm"
"5370976574969486150","unicode_1F60F","😏","unicode_variant","restrictedemoji","RestrictedEmoji","😏|unicode_1F60F","😏|unicode|premium","broad_unicode","ready","true","uuigww-telegram_emoji_for_llm"
"5370977588581767676","unicode_1F63E","😾","unicode_variant","restrictedemoji","RestrictedEmoji","😾|unicode_1F63E","😾|unicode|premium","broad_unicode","ready","true","uuigww-telegram_emoji_for_llm"
"5370980663778351052","unicode_1F355","🍕","unicode_variant","restrictedemoji","RestrictedEmoji","🍕|unicode_1F355","🍕|unicode|premium","broad_unicode","ready","true","uuigww-telegram_emoji_for_llm"
"5370987174948771923","unicode_1F61F","😟","unicode_variant","restrictedemoji","RestrictedEmoji","😟|unicode_1F61F","😟|unicode|premium","broad_unicode","ready","true","uuigww-telegram_emoji_for_llm"
"5370996619581856274","unicode_1F63A","😺","unicode_variant","restrictedemoji","RestrictedEmoji","😺|unicode_1F63A","😺|unicode|premium","broad_unicode","ready","true","uuigww-telegram_emoji_for_llm"
"5370999492914976897","unicode_1F382","🎂","unicode_variant","restrictedemoji","RestrictedEmoji","🎂|unicode_1F382","🎂|unicode|premium","broad_unicode","ready","true","uuigww-telegram_emoji_for_llm"
"5371007876691138460","unicode_1F979","🥹","unicode_variant","restrictedemoji","RestrictedEmoji","🥹|unicode_1F979","🥹|unicode|premium","broad_unicode","ready","true","uuigww-telegram_emoji_for_llm"
"5371009319800150304","unicode_1F62A","😪","unicode_variant","restrictedemoji","RestrictedEmoji","😪|unicode_1F62A","😪|unicode|premium","broad_unicode","ready","true","uuigww-telegram_emoji_for_llm"
"5371017798065592581","unicode_1F47B","👻","unicode_variant","restrictedemoji","RestrictedEmoji","👻|unicode_1F47B","👻|unicode|premium","broad_unicode","ready","true","uuigww-telegram_emoji_for_llm"
"5371018382181145040","unicode_1F47D","👽","unicode_variant","restrictedemoji","RestrictedEmoji","👽|unicode_1F47D","👽|unicode|premium","broad_unicode","ready","true","uuigww-telegram_emoji_for_llm"
"5371035398841571673","unicode_1F4A9","💩","unicode_variant","restrictedemoji","RestrictedEmoji","💩|unicode_1F4A9","💩|unicode|premium","broad_unicode","ready","true","uuigww-telegram_emoji_for_llm"
"5371037748188683677","unicode_263A_FE0F","☺️","unicode_variant","restrictedemoji","RestrictedEmoji","☺️|unicode_263A_FE0F","☺️|unicode|premium","broad_unicode","ready","true","uuigww-telegram_emoji_for_llm"
"5371039809772985021","unicode_1F611","😑","unicode_variant","restrictedemoji","RestrictedEmoji","😑|unicode_1F611","😑|unicode|premium","broad_unicode","ready","true","uuigww-telegram_emoji_for_llm"
"5371041051018533122","unicode_1F922","🤢","unicode_variant","restrictedemoji","RestrictedEmoji","🤢|unicode_1F922","🤢|unicode|premium","broad_unicode","ready","true","uuigww-telegram_emoji_for_llm"
"5371054528625908421","unicode_1F632","😲","unicode_variant","restrictedemoji","RestrictedEmoji","😲|unicode_1F632","😲|unicode|premium","broad_unicode","ready","true","uuigww-telegram_emoji_for_llm"
"5371057462088570593","unicode_1F60B","😋","unicode_variant","restrictedemoji","RestrictedEmoji","😋|unicode_1F60B","😋|unicode|premium","broad_unicode","ready","true","uuigww-telegram_emoji_for_llm"
"5371074117971745503","unicode_1F921","🤡","unicode_variant","restrictedemoji","RestrictedEmoji","🤡|unicode_1F921","🤡|unicode|premium","broad_unicode","ready","true","uuigww-telegram_emoji_for_llm"
"5371077231823036079","unicode_1F62B","😫","unicode_variant","restrictedemoji","RestrictedEmoji","😫|unicode_1F62B","😫|unicode|premium","broad_unicode","ready","true","uuigww-telegram_emoji_for_llm"
"5371081166013078244","unicode_1F37F","🍿","unicode_variant","restrictedemoji","RestrictedEmoji","🍿|unicode_1F37F","🍿|unicode|premium","broad_unicode","ready","true","uuigww-telegram_emoji_for_llm"
"5371087054413241706","unicode_1F61C","😜","unicode_variant","restrictedemoji","RestrictedEmoji","😜|unicode_1F61C","😜|unicode|premium","broad_unicode","ready","true","uuigww-telegram_emoji_for_llm"
"5372799217355987430","unicode_1F366","🍦","unicode_variant","restrictedemoji","RestrictedEmoji","🍦|unicode_1F366","🍦|unicode|premium","broad_unicode","ready","true","uuigww-telegram_emoji_for_llm"
"5372800046284674872","unicode_1F910","🤐","unicode_variant","restrictedemoji","RestrictedEmoji","🤐|unicode_1F910","🤐|unicode|premium","broad_unicode","ready","true","uuigww-telegram_emoji_for_llm"
"5372806755023592592","unicode_1F967","🥧","unicode_variant","restrictedemoji","RestrictedEmoji","🥧|unicode_1F967","🥧|unicode|premium","broad_unicode","ready","true","uuigww-telegram_emoji_for_llm"
"5372811453717813644","unicode_1F621","😡","unicode_variant","restrictedemoji","RestrictedEmoji","😡|unicode_1F621","😡|unicode|premium","broad_unicode","ready","true","uuigww-telegram_emoji_for_llm"
"5372815907598899227","unicode_1F62C","😬","unicode_variant","restrictedemoji","RestrictedEmoji","😬|unicode_1F62C","😬|unicode|premium","broad_unicode","ready","true","uuigww-telegram_emoji_for_llm"
"5372824841130879657","unicode_1F92E","🤮","unicode_variant","restrictedemoji","RestrictedEmoji","🤮|unicode_1F92E","🤮|unicode|premium","broad_unicode","ready","true","uuigww-telegram_emoji_for_llm"
"5372828792500788028","unicode_1F619","😙","unicode_variant","restrictedemoji","RestrictedEmoji","😙|unicode_1F619","😙|unicode|premium","broad_unicode","ready","true","uuigww-telegram_emoji_for_llm"
"5372846474881146350","unicode_1F52D","🔭","unicode_variant","restrictedemoji","RestrictedEmoji","🔭|unicode_1F52D","🔭|unicode|premium","broad_unicode","ready","true","uuigww-telegram_emoji_for_llm"
"5372864857341172842","unicode_1F633","😳","unicode_variant","restrictedemoji","RestrictedEmoji","😳|unicode_1F633","😳|unicode|premium","broad_unicode","ready","true","uuigww-telegram_emoji_for_llm"
"5372869745013954798","unicode_1F635","😵","unicode_variant","restrictedemoji","RestrictedEmoji","😵|unicode_1F635","😵|unicode|premium","broad_unicode","ready","true","uuigww-telegram_emoji_for_llm"
"5372872665591717013","unicode_1F641","🙁","unicode_variant","restrictedemoji","RestrictedEmoji","🙁|unicode_1F641","🙁|unicode|premium","broad_unicode","ready","true","uuigww-telegram_emoji_for_llm"
"5372881676433105377","unicode_1F606","😆","unicode_variant","restrictedemoji","RestrictedEmoji","😆|unicode_1F606","😆|unicode|premium","broad_unicode","ready","true","uuigww-telegram_emoji_for_llm"
"5372886001465170842","unicode_1F60D","😍","unicode_variant","restrictedemoji","RestrictedEmoji","😍|unicode_1F60D","😍|unicode|premium","broad_unicode","ready","true","uuigww-telegram_emoji_for_llm"
"5372892693024218813","unicode_1F976","🥶","unicode_variant","restrictedemoji","RestrictedEmoji","🥶|unicode_1F976","🥶|unicode|premium","broad_unicode","ready","true","uuigww-telegram_emoji_for_llm"
"5372907046804920585","unicode_1F9C1","🧁","unicode_variant","restrictedemoji","RestrictedEmoji","🧁|unicode_1F9C1","🧁|unicode|premium","broad_unicode","ready","true","uuigww-telegram_emoji_for_llm"
"5372913502140766965","unicode_1FAE5","🫥","unicode_variant","restrictedemoji","RestrictedEmoji","🫥|unicode_1FAE5","🫥|unicode|premium","broad_unicode","ready","true","uuigww-telegram_emoji_for_llm"
"5372917273122054051","unicode_1F460","👠","unicode_variant","restrictedemoji","RestrictedEmoji","👠|unicode_1F460","👠|unicode|premium","broad_unicode","ready","true","uuigww-telegram_emoji_for_llm"
"5372923951796198347","unicode_1F942","🥂","unicode_variant","restrictedemoji","RestrictedEmoji","🥂|unicode_1F942","🥂|unicode|premium","broad_unicode","ready","true","uuigww-telegram_emoji_for_llm"
"5372923973271034075","unicode_1F634","😴","unicode_variant","restrictedemoji","RestrictedEmoji","😴|unicode_1F634","😴|unicode|premium","broad_unicode","ready","true","uuigww-telegram_emoji_for_llm"
"5372926953978341366","unicode_1F465","👥","unicode_variant","restrictedemoji","RestrictedEmoji","👥|unicode_1F465","👥|unicode|premium","broad_unicode","ready","true","uuigww-telegram_emoji_for_llm"
"5372931824471251423","unicode_1F47A","👺","unicode_variant","restrictedemoji","RestrictedEmoji","👺|unicode_1F47A","👺|unicode|premium","broad_unicode","ready","true","uuigww-telegram_emoji_for_llm"
"5372951839018850336","unicode_1F479","👹","unicode_variant","restrictedemoji","RestrictedEmoji","👹|unicode_1F479","👹|unicode|premium","broad_unicode","ready","true","uuigww-telegram_emoji_for_llm"
"5372952487558912793","unicode_1FAE1","🫡","unicode_variant","restrictedemoji","RestrictedEmoji","🫡|unicode_1FAE1","🫡|unicode|premium","broad_unicode","ready","true","uuigww-telegram_emoji_for_llm"
"5372952977185184202","unicode_1F915","🤕","unicode_variant","restrictedemoji","RestrictedEmoji","🤕|unicode_1F915","🤕|unicode|premium","broad_unicode","ready","true","uuigww-telegram_emoji_for_llm"
"5372954454653933911","unicode_1F600","😀","unicode_variant","restrictedemoji","RestrictedEmoji","😀|unicode_1F600","😀|unicode|premium","broad_unicode","ready","true","uuigww-telegram_emoji_for_llm"
"5372981976804366741","unicode_1F916","🤖","unicode_variant","restrictedemoji","RestrictedEmoji","🤖|unicode_1F916","🤖|unicode|premium","broad_unicode","ready","true","uuigww-telegram_emoji_for_llm"
"5372993873863776984","unicode_1F63D","😽","unicode_variant","restrictedemoji","RestrictedEmoji","😽|unicode_1F63D","😽|unicode|premium","broad_unicode","ready","true","uuigww-telegram_emoji_for_llm"
"5372998546788194447","unicode_1F354","🍔","unicode_variant","restrictedemoji","RestrictedEmoji","🍔|unicode_1F354","🍔|unicode|premium","broad_unicode","ready","true","uuigww-telegram_emoji_for_llm"
"5373001317042101552","unicode_1F4C8","📈","unicode_variant","restrictedemoji","RestrictedEmoji","📈|unicode_1F4C8","📈|unicode|premium","broad_unicode","ready","true","uuigww-telegram_emoji_for_llm"
"5373004843210251169","unicode_1F95E","🥞","unicode_variant","restrictedemoji","RestrictedEmoji","🥞|unicode_1F95E","🥞|unicode|premium","broad_unicode","ready","true","uuigww-telegram_emoji_for_llm"
"5373012449597335010","unicode_1F464","👤","unicode_variant","restrictedemoji","RestrictedEmoji","👤|unicode_1F464","👤|unicode|premium","broad_unicode","ready","true","uuigww-telegram_emoji_for_llm"
"5373015670822804395","unicode_1F605","😅","unicode_variant","restrictedemoji","RestrictedEmoji","😅|unicode_1F605","😅|unicode|premium","broad_unicode","ready","true","uuigww-telegram_emoji_for_llm"
"5373024050303999039","unicode_1F361","🍡","unicode_variant","restrictedemoji","RestrictedEmoji","🍡|unicode_1F361","🍡|unicode|premium","broad_unicode","ready","true","uuigww-telegram_emoji_for_llm"
"5373026167722876724","unicode_1F929","🤩","unicode_variant","restrictedemoji","RestrictedEmoji","🤩|unicode_1F929","🤩|unicode|premium","broad_unicode","ready","true","uuigww-telegram_emoji_for_llm"
"5373039692574893940","unicode_1F468_200D_1F3EB","👨‍🏫","unicode_variant","restrictedemoji","RestrictedEmoji","👨‍🏫|unicode_1F468_200D_1F3EB","👨‍🏫|unicode|premium","broad_unicode","ready","true","uuigww-telegram_emoji_for_llm"
"5373044447103687138","unicode_1F92D","🤭","unicode_variant","restrictedemoji","RestrictedEmoji","🤭|unicode_1F92D","🤭|unicode|premium","broad_unicode","ready","true","uuigww-telegram_emoji_for_llm"
"5373052667671093676","unicode_1F6CD","🛍","unicode_variant","restrictedemoji","RestrictedEmoji","🛍|unicode_1F6CD","🛍|unicode|premium","broad_unicode","ready","true","uuigww-telegram_emoji_for_llm"
"5373067498193166118","unicode_1F975","🥵","unicode_variant","restrictedemoji","RestrictedEmoji","🥵|unicode_1F975","🥵|unicode|premium","broad_unicode","ready","true","uuigww-telegram_emoji_for_llm"
"5373069598432172355","unicode_1F925","🤥","unicode_variant","restrictedemoji","RestrictedEmoji","🤥|unicode_1F925","🤥|unicode|premium","broad_unicode","ready","true","uuigww-telegram_emoji_for_llm"
"5373098009640836781","unicode_1F4DA","📚","unicode_variant","restrictedemoji","RestrictedEmoji","📚|unicode_1F4DA","📚|unicode|premium","broad_unicode","ready","true","uuigww-telegram_emoji_for_llm"
"5373101475679443553","unicode_1F609","😉","unicode_variant","restrictedemoji","RestrictedEmoji","😉|unicode_1F609","😉|unicode|premium","broad_unicode","ready","true","uuigww-telegram_emoji_for_llm"
"5373101763442255191","unicode_26BD_FE0F","⚽️","unicode_variant","restrictedemoji","RestrictedEmoji","⚽️|unicode_26BD_FE0F","⚽️|unicode|premium","broad_unicode","ready","true","uuigww-telegram_emoji_for_llm"
"5373111135060892185","unicode_1F62E_200D_1F4A8","😮‍💨","unicode_variant","restrictedemoji","RestrictedEmoji","😮‍💨|unicode_1F62E_200D_1F4A8","😮‍💨|unicode|premium","broad_unicode","ready","true","uuigww-telegram_emoji_for_llm"
"5373117556036999296","unicode_1FAE3","🫣","unicode_variant","restrictedemoji","RestrictedEmoji","🫣|unicode_1FAE3","🫣|unicode|premium","broad_unicode","ready","true","uuigww-telegram_emoji_for_llm"
"5373122864616577600","unicode_1F630","😰","unicode_variant","restrictedemoji","RestrictedEmoji","😰|unicode_1F630","😰|unicode|premium","broad_unicode","ready","true","uuigww-telegram_emoji_for_llm"
"5373123633415723713","unicode_1F92C","🤬","unicode_variant","restrictedemoji","RestrictedEmoji","🤬|unicode_1F92C","🤬|unicode|premium","broad_unicode","ready","true","uuigww-telegram_emoji_for_llm"
"5373141891321699086","unicode_1F60E","😎","unicode_variant","restrictedemoji","RestrictedEmoji","😎|unicode_1F60E","😎|unicode|premium","broad_unicode","ready","true","uuigww-telegram_emoji_for_llm"
"5373150640170081115","unicode_1F47F","👿","unicode_variant","restrictedemoji","RestrictedEmoji","👿|unicode_1F47F","👿|unicode|premium","broad_unicode","ready","true","uuigww-telegram_emoji_for_llm"
"5373153968769735192","unicode_1F9D0","🧐","unicode_variant","restrictedemoji","RestrictedEmoji","🧐|unicode_1F9D0","🧐|unicode|premium","broad_unicode","ready","true","uuigww-telegram_emoji_for_llm"
"5373159114140555980","unicode_1F971","🥱","unicode_variant","restrictedemoji","RestrictedEmoji","🥱|unicode_1F971","🥱|unicode|premium","broad_unicode","ready","true","uuigww-telegram_emoji_for_llm"
"5373161588041718232","unicode_1FAE0","🫠","unicode_variant","restrictedemoji","RestrictedEmoji","🫠|unicode_1FAE0","🫠|unicode|premium","broad_unicode","ready","true","uuigww-telegram_emoji_for_llm"
"5373179691328871991","unicode_1F643","🙃","unicode_variant","restrictedemoji","RestrictedEmoji","🙃|unicode_1F643","🙃|unicode|premium","broad_unicode","ready","true","uuigww-telegram_emoji_for_llm"
"5373189724372474575","unicode_1F618","😘","unicode_variant","restrictedemoji","RestrictedEmoji","😘|unicode_1F618","😘|unicode|premium","broad_unicode","ready","true","uuigww-telegram_emoji_for_llm"
"5373192254108211756","unicode_1F917","🤗","unicode_variant","restrictedemoji","RestrictedEmoji","🤗|unicode_1F917","🤗|unicode|premium","broad_unicode","ready","true","uuigww-telegram_emoji_for_llm"
"5373230475022179039","unicode_1F97A","🥺","unicode_variant","restrictedemoji","RestrictedEmoji","🥺|unicode_1F97A","🥺|unicode|premium","broad_unicode","ready","true","uuigww-telegram_emoji_for_llm"
"5373262021556967911","unicode_1F912","🤒","unicode_variant","restrictedemoji","RestrictedEmoji","🤒|unicode_1F912","🤒|unicode|premium","broad_unicode","ready","true","uuigww-telegram_emoji_for_llm"
"5373272140499918095","unicode_1F615","😕","unicode_variant","restrictedemoji","RestrictedEmoji","😕|unicode_1F615","😕|unicode|premium","broad_unicode","ready","true","uuigww-telegram_emoji_for_llm"
"5373282031809600510","unicode_1F362","🍢","unicode_variant","restrictedemoji","RestrictedEmoji","🍢|unicode_1F362","🍢|unicode|premium","broad_unicode","ready","true","uuigww-telegram_emoji_for_llm"
"5373292756342938165","unicode_1F617","😗","unicode_variant","restrictedemoji","RestrictedEmoji","😗|unicode_1F617","😗|unicode|premium","broad_unicode","ready","true","uuigww-telegram_emoji_for_llm"
"5373303394976929925","unicode_1F911","🤑","unicode_variant","restrictedemoji","RestrictedEmoji","🤑|unicode_1F911","🤑|unicode|premium","broad_unicode","ready","true","uuigww-telegram_emoji_for_llm"
"5373308531757817004","unicode_1F920","🤠","unicode_variant","restrictedemoji","RestrictedEmoji","🤠|unicode_1F920","🤠|unicode|premium","broad_unicode","ready","true","uuigww-telegram_emoji_for_llm"
"5373329319399529171","unicode_1F601","😁","unicode_variant","restrictedemoji","RestrictedEmoji","😁|unicode_1F601","😁|unicode|premium","broad_unicode","ready","true","uuigww-telegram_emoji_for_llm"
"5373330410321223066","unicode_1F604","😄","unicode_variant","restrictedemoji","RestrictedEmoji","😄|unicode_1F604","😄|unicode|premium","broad_unicode","ready","true","uuigww-telegram_emoji_for_llm"
"5373330964372004748","unicode_1F4FA","📺","unicode_variant","restrictedemoji","RestrictedEmoji","📺|unicode_1F4FA","📺|unicode|premium","broad_unicode","ready","true","uuigww-telegram_emoji_for_llm"
"5373334855612375386","unicode_1F485","💅","unicode_variant","restrictedemoji","RestrictedEmoji","💅|unicode_1F485","💅|unicode|premium","broad_unicode","ready","true","uuigww-telegram_emoji_for_llm"
"5373345399757085790","unicode_1F626","😦","unicode_variant","restrictedemoji","RestrictedEmoji","😦|unicode_1F626","😦|unicode|premium","broad_unicode","ready","true","uuigww-telegram_emoji_for_llm"
"5373351094883719887","unicode_1F369","🍩","unicode_variant","restrictedemoji","RestrictedEmoji","🍩|unicode_1F369","🍩|unicode|premium","broad_unicode","ready","true","uuigww-telegram_emoji_for_llm"
"5375074927252621134","unicode_1F5BC","🖼","unicode_variant","restrictedemoji","RestrictedEmoji","🖼|unicode_1F5BC","🖼|unicode|premium","broad_unicode","ready","true","uuigww-telegram_emoji_for_llm"
"5375106250449100282","unicode_1F9F3","🧳","unicode_variant","restrictedemoji","RestrictedEmoji","🧳|unicode_1F9F3","🧳|unicode|premium","broad_unicode","ready","true","uuigww-telegram_emoji_for_llm"
"5375129357373165375","unicode_1F517","🔗","unicode_variant","restrictedemoji","RestrictedEmoji","🔗|unicode_1F517","🔗|unicode|premium","broad_unicode","ready","true","uuigww-telegram_emoji_for_llm"
"5375152498656961898","unicode_1F380","🎀","unicode_variant","restrictedemoji","RestrictedEmoji","🎀|unicode_1F380","🎀|unicode|premium","broad_unicode","ready","true","uuigww-telegram_emoji_for_llm"
"5375163339154399459","unicode_1F393","🎓","unicode_variant","restrictedemoji","RestrictedEmoji","🎓|unicode_1F393","🎓|unicode|premium","broad_unicode","ready","true","uuigww-telegram_emoji_for_llm"
"5375191900686927814","unicode_1F351","🍑","unicode_variant","restrictedemoji","RestrictedEmoji","🍑|unicode_1F351","🍑|unicode|premium","broad_unicode","ready","true","uuigww-telegram_emoji_for_llm"
"5375271950287379933","unicode_1FA96","🪖","unicode_variant","restrictedemoji","RestrictedEmoji","🪖|unicode_1FA96","🪖|unicode|premium","broad_unicode","ready","true","uuigww-telegram_emoji_for_llm"
"5375282786489880721","unicode_1FABB","🪻","unicode_variant","restrictedemoji","RestrictedEmoji","🪻|unicode_1FABB","🪻|unicode|premium|iran|persian|ایران|فارسی|نوروز|یلدا","broad_unicode|iran_culture_palette|persian_ui","ready","true","uuigww-telegram_emoji_for_llm"
"5375296873982604963","unicode_1F4B0","💰","unicode_variant","restrictedemoji","RestrictedEmoji","💰|unicode_1F4B0","💰|unicode|premium","broad_unicode","ready","true","uuigww-telegram_emoji_for_llm"
"5375309569905938163","unicode_1F4F9","📹","unicode_variant","restrictedemoji","RestrictedEmoji","📹|unicode_1F4F9","📹|unicode|premium","broad_unicode","ready","true","uuigww-telegram_emoji_for_llm"
"5375338737028841420","refresh","🔄","news_status","animated_news_emoji","NewsEmoji","refresh","refresh|🔄","catalogued","ready","true","zulut30-premium-telegram-emoji"
"5375407018418904583","unicode_1FAA9","🪩","unicode_variant","restrictedemoji","RestrictedEmoji","🪩|unicode_1FAA9","🪩|unicode|premium","broad_unicode","ready","true","uuigww-telegram_emoji_for_llm"
"5375464961822695044","unicode_1F3AC","🎬","unicode_variant","restrictedemoji","RestrictedEmoji","🎬|unicode_1F3AC","🎬|unicode|premium","broad_unicode","ready","true","uuigww-telegram_emoji_for_llm"
"5375466233133030264","unicode_26D3_FE0F_200D_1F4A5","⛓️‍💥","unicode_variant","restrictedemoji","RestrictedEmoji","⛓️‍💥|unicode_26D3_FE0F_200D_1F4A5","⛓️‍💥|unicode|premium","broad_unicode","ready","true","uuigww-telegram_emoji_for_llm"
"5377599075237502153","unicode_1F39F","🎟","unicode_variant","restrictedemoji","RestrictedEmoji","🎟|unicode_1F39F","🎟|unicode|premium","broad_unicode","ready","true","uuigww-telegram_emoji_for_llm"
"5377674666661924559","unicode_1F94A","🥊","unicode_variant","restrictedemoji","RestrictedEmoji","🥊|unicode_1F94A","🥊|unicode|premium","broad_unicode","ready","true","uuigww-telegram_emoji_for_llm"
"5377754411319698237","unicode_1F46E_200D_2642_FE0F","👮‍♂️","unicode_variant","restrictedemoji","RestrictedEmoji","👮‍♂️|unicode_1F46E_200D_2642_FE0F","👮‍♂️|unicode|premium","broad_unicode","ready","true","uuigww-telegram_emoji_for_llm"
"5377844313575150051","unicode_1F4CE","📎","unicode_variant","restrictedemoji","RestrictedEmoji","📎|unicode_1F4CE","📎|unicode|premium","broad_unicode","ready","true","uuigww-telegram_emoji_for_llm"
"5379600444098093058","unicode_1FA99","🪙","unicode_variant","restrictedemoji","RestrictedEmoji","🪙|unicode_1FA99","🪙|unicode|premium","broad_unicode","ready","true","uuigww-telegram_emoji_for_llm"
"5379601719703379510","unicode_1F476","👶","unicode_variant","restrictedemoji","RestrictedEmoji","👶|unicode_1F476","👶|unicode|premium","broad_unicode","ready","true","uuigww-telegram_emoji_for_llm"
"5379679518740978720","unicode_1F52C","🔬","unicode_variant","restrictedemoji","RestrictedEmoji","🔬|unicode_1F52C","🔬|unicode|premium","broad_unicode","ready","true","uuigww-telegram_emoji_for_llm"
"5379705640732087225","unicode_1FAAD","🪭","unicode_variant","restrictedemoji","RestrictedEmoji","🪭|unicode_1FAAD","🪭|unicode|premium","broad_unicode","ready","true","uuigww-telegram_emoji_for_llm"
"5379735164337269039","windows","🪟","brands_apps","microsoft","","windows","windows|🪟","catalogued","ready","true","zulut30-premium-telegram-emoji"
"5379769511190747541","dust","🟡","gaming","","","dust","dust|🟡","catalogued","ready","true","zulut30-premium-telegram-emoji"
"5380003148821712039","unicode_1F982","🦂","unicode_variant","restrictedemoji","RestrictedEmoji","🦂|unicode_1F982","🦂|unicode|premium","broad_unicode","ready","true","uuigww-telegram_emoji_for_llm"
"5380056101473492248","unicode_1F45C","👜","unicode_variant","restrictedemoji","RestrictedEmoji","👜|unicode_1F45C","👜|unicode|premium","broad_unicode","ready","true","uuigww-telegram_emoji_for_llm"
"5381854399985366436","unicode_1F1E9_1F1F0","🇩🇰","unicode_variant","restrictedemoji","RestrictedEmoji","🇩🇰|unicode_1F1E9_1F1F0","🇩🇰|unicode|premium","broad_unicode","ready","true","uuigww-telegram_emoji_for_llm"
"5381889099026149370","unicode_1F1EC_1F1F7","🇬🇷","unicode_variant","restrictedemoji","RestrictedEmoji","🇬🇷|unicode_1F1EC_1F1F7","🇬🇷|unicode|premium","broad_unicode","ready","true","uuigww-telegram_emoji_for_llm"
"5381967160056755878","unicode_1F1F8_1F1F0","🇸🇰","unicode_variant","restrictedemoji","RestrictedEmoji","🇸🇰|unicode_1F1F8_1F1F0","🇸🇰|unicode|premium","broad_unicode","ready","true","uuigww-telegram_emoji_for_llm"
"5382013970905309819","unicode_1F399","🎙","unicode_variant","restrictedemoji","RestrictedEmoji","🎙|unicode_1F399","🎙|unicode|premium","broad_unicode","ready","true","uuigww-telegram_emoji_for_llm"
"5382033281078275575","unicode_1F1E7_1F1E6","🇧🇦","unicode_variant","restrictedemoji","RestrictedEmoji","🇧🇦|unicode_1F1E7_1F1E6","🇧🇦|unicode|premium","broad_unicode","ready","true","uuigww-telegram_emoji_for_llm"
"5382062173323276195","unicode_1F1E6_1F1FA","🇦🇺","unicode_variant","restrictedemoji","RestrictedEmoji","🇦🇺|unicode_1F1E6_1F1FA","🇦🇺|unicode|premium","broad_unicode","ready","true","uuigww-telegram_emoji_for_llm"
"5382075788369605892","unicode_1F1F5_1F1F9","🇵🇹","unicode_variant","restrictedemoji","RestrictedEmoji","🇵🇹|unicode_1F1F5_1F1F9","🇵🇹|unicode|premium","broad_unicode","ready","true","uuigww-telegram_emoji_for_llm"
"5382084502858249131","unicode_1F1E8_1F1E6","🇨🇦","unicode_variant","restrictedemoji","RestrictedEmoji","🇨🇦|unicode_1F1E8_1F1E6","🇨🇦|unicode|premium","broad_unicode","ready","true","uuigww-telegram_emoji_for_llm"
"5382126374494417411","unicode_1F1F2_1F1FD","🇲🇽","unicode_variant","restrictedemoji","RestrictedEmoji","🇲🇽|unicode_1F1F2_1F1FD","🇲🇽|unicode|premium","broad_unicode","ready","true","uuigww-telegram_emoji_for_llm"
"5382151560182642075","unicode_1F1EB_1F1EE","🇫🇮","unicode_variant","restrictedemoji","RestrictedEmoji","🇫🇮|unicode_1F1EB_1F1EE","🇫🇮|unicode|premium","broad_unicode","ready","true","uuigww-telegram_emoji_for_llm"
"5382210409824525356","unicode_1F41F","🐟","unicode_variant","restrictedemoji","RestrictedEmoji","🐟|unicode_1F41F","🐟|unicode|premium","broad_unicode","ready","true","uuigww-telegram_emoji_for_llm"
"5382219601054544127","unicode_1F1E7_1F1FE","🇧🇾","unicode_variant","restrictedemoji","RestrictedEmoji","🇧🇾|unicode_1F1E7_1F1FE","🇧🇾|unicode|premium","broad_unicode","ready","true","uuigww-telegram_emoji_for_llm"
"5382300771641470186","unicode_1F1F3_1F1F4","🇳🇴","unicode_variant","restrictedemoji","RestrictedEmoji","🇳🇴|unicode_1F1F3_1F1F4","🇳🇴|unicode|premium","broad_unicode","ready","true","uuigww-telegram_emoji_for_llm"
"5382357040008021292","new_badge","🆕","news_status","animated_news_emoji","NewsEmoji","new_badge","new|badge|🆕","catalogued","ready","true","zulut30-premium-telegram-emoji"
"5382360961313152917","unicode_1F3A4","🎤","unicode_variant","restrictedemoji","RestrictedEmoji","🎤|unicode_1F3A4","🎤|unicode|premium","broad_unicode","ready","true","uuigww-telegram_emoji_for_llm"
"5384088040677319401","unicode_1F3C0","🏀","unicode_variant","restrictedemoji","RestrictedEmoji","🏀|unicode_1F3C0","🏀|unicode|premium","broad_unicode","ready","true","uuigww-telegram_emoji_for_llm"
"5384178664487278651","unicode_1F6E9","🛩","unicode_variant","restrictedemoji","RestrictedEmoji","🛩|unicode_1F6E9","🛩|unicode|premium","broad_unicode","ready","true","uuigww-telegram_emoji_for_llm"
"5384313376136507326","unicode_1F1F7_1F1F8","🇷🇸","unicode_variant","restrictedemoji","RestrictedEmoji","🇷🇸|unicode_1F1F7_1F1F8","🇷🇸|unicode|premium","broad_unicode","ready","true","uuigww-telegram_emoji_for_llm"
"5384341452337720965","xcode","🔨","brands_apps","apple","","xcode","xcode|🔨","catalogued","ready","true","zulut30-premium-telegram-emoji"
"5384542551296455687","unicode_1F1F8_1F1EA","🇸🇪","unicode_variant","restrictedemoji","RestrictedEmoji","🇸🇪|unicode_1F1F8_1F1EA","🇸🇪|unicode|premium","broad_unicode","ready","true","uuigww-telegram_emoji_for_llm"
"5386367538735104399","download","⬇️","news_status","animated_news_emoji","NewsEmoji","download","download|⬇️","catalogued","ready","true","zulut30-premium-telegram-emoji"
"5386372293263892965","unicode_1F3F4_200D_2620_FE0F","🏴‍☠️","unicode_variant","restrictedemoji","RestrictedEmoji","🏴‍☠️|unicode_1F3F4_200D_2620_FE0F","🏴‍☠️|unicode|premium","broad_unicode","ready","true","uuigww-telegram_emoji_for_llm"
"5386381480198938366","unicode_1F930","🤰","unicode_variant","restrictedemoji","RestrictedEmoji","🤰|unicode_1F930","🤰|unicode|premium","broad_unicode","ready","true","uuigww-telegram_emoji_for_llm"
"5386494631112353009","unicode_1F5A8","🖨","unicode_variant","restrictedemoji","RestrictedEmoji","🖨|unicode_1F5A8","🖨|unicode|premium","broad_unicode","ready","true","uuigww-telegram_emoji_for_llm"
"5386539642369614675","unicode_1F468_200D_1F469_200D_1F467_200D_1F466","👨‍👩‍👧‍👦","unicode_variant","restrictedemoji","RestrictedEmoji","👨‍👩‍👧‍👦|unicode_1F468_200D_1F469_200D_1F467_200D_1F466","👨‍👩‍👧‍👦|unicode|premium","broad_unicode","ready","true","uuigww-telegram_emoji_for_llm"
"5386666691797195065","unicode_1F63F","😿","unicode_variant","restrictedemoji","RestrictedEmoji","😿|unicode_1F63F","😿|unicode|premium","broad_unicode","ready","true","uuigww-telegram_emoji_for_llm"
"5386766919154016047","unicode_1F9BE","🦾","unicode_variant","restrictedemoji","RestrictedEmoji","🦾|unicode_1F9BE","🦾|unicode|premium","broad_unicode","ready","true","uuigww-telegram_emoji_for_llm"
"5386828444560530381","unicode_1F63C","😼","unicode_variant","restrictedemoji","RestrictedEmoji","😼|unicode_1F63C","😼|unicode|premium","broad_unicode","ready","true","uuigww-telegram_emoji_for_llm"
"5388632425314140043","speaker","🔊","news_status","animated_news_emoji","NewsEmoji","speaker","speaker|🔊","catalogued","ready","true","zulut30-premium-telegram-emoji"
"5388747006451655179","unicode_1F373","🍳","unicode_variant","restrictedemoji","RestrictedEmoji","🍳|unicode_1F373","🍳|unicode|premium","broad_unicode","ready","true","uuigww-telegram_emoji_for_llm"
"5388893447656577052","unicode_1F96A","🥪","unicode_variant","restrictedemoji","RestrictedEmoji","🥪|unicode_1F96A","🥪|unicode|premium","broad_unicode","ready","true","uuigww-telegram_emoji_for_llm"
"5389005589252676667","unicode_1F968","🥨","unicode_variant","restrictedemoji","RestrictedEmoji","🥨|unicode_1F968","🥨|unicode|premium","broad_unicode","ready","true","uuigww-telegram_emoji_for_llm"
"5389109381432366393","unicode_1F6FC","🛼","unicode_variant","restrictedemoji","RestrictedEmoji","🛼|unicode_1F6FC","🛼|unicode|premium","broad_unicode","ready","true","uuigww-telegram_emoji_for_llm"
"5390932938646887892","unicode_1F370","🍰","unicode_variant","restrictedemoji","RestrictedEmoji","🍰|unicode_1F370","🍰|unicode|premium","broad_unicode","ready","true","uuigww-telegram_emoji_for_llm"
"5390950002551954897","unicode_1F34C","🍌","unicode_variant","restrictedemoji","RestrictedEmoji","🍌|unicode_1F34C","🍌|unicode|premium","broad_unicode","ready","true","uuigww-telegram_emoji_for_llm"
"5390999527819844807","unicode_1FAE6","🫦","unicode_variant","restrictedemoji","RestrictedEmoji","🫦|unicode_1FAE6","🫦|unicode|premium","broad_unicode","ready","true","uuigww-telegram_emoji_for_llm"
"5391032818111363540","location","📍","news_status","animated_news_emoji","NewsEmoji","location","location|📍","catalogued","ready","true","zulut30-premium-telegram-emoji"
"5391121526365906876","playstation","🛒","gaming","","","playstation","playstation|🛒","catalogued","ready","true","zulut30-premium-telegram-emoji"
"5391137757047298749","unicode_1F444","👄","unicode_variant","restrictedemoji","RestrictedEmoji","👄|unicode_1F444","👄|unicode|premium","broad_unicode","ready","true","uuigww-telegram_emoji_for_llm"
"5391218940519133894","final","🎞","brands_apps","apple","","final","final|🎞","catalogued","ready","true","zulut30-premium-telegram-emoji"
"5391283876129681087","apple","🗺","brands_apps","apple","","apple","apple|🗺","catalogued","ready","true","zulut30-premium-telegram-emoji"
"5393123749924984737","unicode_1F42E","🐮","unicode_variant","restrictedemoji","RestrictedEmoji","🐮|unicode_1F42E","🐮|unicode|premium","broad_unicode","ready","true","uuigww-telegram_emoji_for_llm"
"5393555308238875325","train","🇷🇺","gaming","","","train","train|🇷🇺","catalogued","ready","true","zulut30-premium-telegram-emoji"
"5393575567599607062","unicode_1F371","🍱","unicode_variant","restrictedemoji","RestrictedEmoji","🍱|unicode_1F371","🍱|unicode|premium","broad_unicode","ready","true","uuigww-telegram_emoji_for_llm"
"5393607290228067750","unicode_1F5E1","🗡","unicode_variant","restrictedemoji","RestrictedEmoji","🗡|unicode_1F5E1","🗡|unicode|premium","broad_unicode","ready","true","uuigww-telegram_emoji_for_llm"
"5395325195542078574","unicode_1F340","🍀","unicode_variant","restrictedemoji","RestrictedEmoji","🍀|unicode_1F340","🍀|unicode|premium","broad_unicode","ready","true","uuigww-telegram_emoji_for_llm"
"5395404390444062636","unicode_1F6A4","🚤","unicode_variant","restrictedemoji","RestrictedEmoji","🚤|unicode_1F6A4","🚤|unicode|premium","broad_unicode","ready","true","uuigww-telegram_emoji_for_llm"
"5395444784611480792","pencil","✏️","news_status","animated_news_emoji","NewsEmoji","pencil","pencil|✏️","catalogued","ready","true","zulut30-premium-telegram-emoji"
"5395517004486551976","unicode_1F937","🤷","unicode_variant","restrictedemoji","RestrictedEmoji","🤷|unicode_1F937","🤷|unicode|premium","broad_unicode","ready","true","uuigww-telegram_emoji_for_llm"
"5395748653547662674","unicode_1F998","🦘","unicode_variant","restrictedemoji","RestrictedEmoji","🦘|unicode_1F998","🦘|unicode|premium","broad_unicode","ready","true","uuigww-telegram_emoji_for_llm"
"5395848782120233514","unicode_1F992","🦒","unicode_variant","restrictedemoji","RestrictedEmoji","🦒|unicode_1F992","🦒|unicode|premium","broad_unicode","ready","true","uuigww-telegram_emoji_for_llm"
"5397575638146110953","unicode_1F30E","🌎","unicode_variant","restrictedemoji","RestrictedEmoji","🌎|unicode_1F30E","🌎|unicode|premium","broad_unicode","ready","true","uuigww-telegram_emoji_for_llm"
"5397600806654453370","unicode_1F994","🦔","unicode_variant","restrictedemoji","RestrictedEmoji","🦔|unicode_1F994","🦔|unicode|premium","broad_unicode","ready","true","uuigww-telegram_emoji_for_llm"
"5397617947868930988","unicode_1F997","🦗","unicode_variant","restrictedemoji","RestrictedEmoji","🦗|unicode_1F997","🦗|unicode|premium","broad_unicode","ready","true","uuigww-telegram_emoji_for_llm"
"5397618806862392535","unicode_1F99F","🦟","unicode_variant","restrictedemoji","RestrictedEmoji","🦟|unicode_1F99F","🦟|unicode|premium","broad_unicode","ready","true","uuigww-telegram_emoji_for_llm"
"5397753673130463064","unicode_1F30F","🌏","unicode_variant","restrictedemoji","RestrictedEmoji","🌏|unicode_1F30F","🌏|unicode|premium","broad_unicode","ready","true","uuigww-telegram_emoji_for_llm"
"5397772549511717747","unicode_1F99E","🦞","unicode_variant","restrictedemoji","RestrictedEmoji","🦞|unicode_1F99E","🦞|unicode|premium","broad_unicode","ready","true","uuigww-telegram_emoji_for_llm"
"5397782960512444700","pin","📌","news_status","animated_news_emoji","NewsEmoji","pin","pin|📌","catalogued","ready","true","zulut30-premium-telegram-emoji"
"5397842858126353661","unicode_1F420","🐠","unicode_variant","restrictedemoji","RestrictedEmoji","🐠|unicode_1F420","🐠|unicode|premium","broad_unicode","ready","true","uuigww-telegram_emoji_for_llm"
"5397915559037785261","unicode_1F9F8","🧸","unicode_variant","restrictedemoji","RestrictedEmoji","🧸|unicode_1F9F8","🧸|unicode|premium","broad_unicode","ready","true","uuigww-telegram_emoji_for_llm"
"5397916757333654639","plus","➕","news_status","animated_news_emoji","NewsEmoji","plus","plus|➕","catalogued","ready","true","zulut30-premium-telegram-emoji"
"5397972596203462916","unicode_1F981","🦁","unicode_variant","restrictedemoji","RestrictedEmoji","🦁|unicode_1F981","🦁|unicode|premium","broad_unicode","ready","true","uuigww-telegram_emoji_for_llm"
"5397991236361527676","unicode_1F41B","🐛","unicode_variant","restrictedemoji","RestrictedEmoji","🐛|unicode_1F41B","🐛|unicode|premium","broad_unicode","ready","true","uuigww-telegram_emoji_for_llm"
"5399898266265475100","unicode_1F30D","🌍","unicode_variant","restrictedemoji","RestrictedEmoji","🌍|unicode_1F30D","🌍|unicode|premium","broad_unicode","ready","true","uuigww-telegram_emoji_for_llm"
"5400004424972129965","unicode_26F8","⛸","unicode_variant","restrictedemoji","RestrictedEmoji","⛸|unicode_26F8","⛸|unicode|premium","broad_unicode","ready","true","uuigww-telegram_emoji_for_llm"
"5400022850381827997","unicode_1F642","🙂","unicode_variant","restrictedemoji","RestrictedEmoji","🙂|unicode_1F642","🙂|unicode|premium","broad_unicode","ready","true","uuigww-telegram_emoji_for_llm"
"5400271640657418526","unicode_1F488","💈","unicode_variant","restrictedemoji","RestrictedEmoji","💈|unicode_1F488","💈|unicode|premium","broad_unicode","ready","true","uuigww-telegram_emoji_for_llm"
"5402100905883488232","unicode_1F48D","💍","unicode_variant","restrictedemoji","RestrictedEmoji","💍|unicode_1F48D","💍|unicode|premium","broad_unicode","ready","true","uuigww-telegram_emoji_for_llm"
"5402227731972771532","unicode_1F37A","🍺","unicode_variant","restrictedemoji","RestrictedEmoji","🍺|unicode_1F37A","🍺|unicode|premium","broad_unicode","ready","true","uuigww-telegram_emoji_for_llm"
"5402418909557053333","unicode_1F36F","🍯","unicode_variant","restrictedemoji","RestrictedEmoji","🍯|unicode_1F36F","🍯|unicode|premium","broad_unicode","ready","true","uuigww-telegram_emoji_for_llm"
"5404451992456156919","unicode_1FAAC","🪬","unicode_variant","restrictedemoji","RestrictedEmoji","🪬|unicode_1FAAC","🪬|unicode|premium","broad_unicode","ready","true","uuigww-telegram_emoji_for_llm"
"5404835520150773707","unicode_1F337","🌷","unicode_variant","restrictedemoji","RestrictedEmoji","🌷|unicode_1F337","🌷|unicode|premium|iran|persian|ایران|فارسی|نوروز|یلدا","broad_unicode|iran_culture_palette|persian_ui","ready","true","uuigww-telegram_emoji_for_llm"
"5406631276042002796","unicode_1F4E8","📨","unicode_variant","restrictedemoji","RestrictedEmoji","📨|unicode_1F4E8","📨|unicode|premium","broad_unicode","ready","true","uuigww-telegram_emoji_for_llm"
"5406683434124859552","discount","🏷","news_status","animated_news_emoji","NewsEmoji","discount","discount|🏷","catalogued","ready","true","zulut30-premium-telegram-emoji"
"5406756500108501710","free","🆓","news_status","animated_news_emoji","NewsEmoji","free","free|🆓","catalogued","ready","true","zulut30-premium-telegram-emoji"
"5406759193052995173","unicode_1F352","🍒","unicode_variant","restrictedemoji","RestrictedEmoji","🍒|unicode_1F352","🍒|unicode|premium","broad_unicode","ready","true","uuigww-telegram_emoji_for_llm"
"5406809207947142040","unicode_1F4F2","📲","unicode_variant","restrictedemoji","RestrictedEmoji","📲|unicode_1F4F2","📲|unicode|premium","broad_unicode","ready","true","uuigww-telegram_emoji_for_llm"
"5406996408391718267","clash","🎮","gaming","","","clash","clash|🎮","catalogued","ready","true","zulut30-premium-telegram-emoji"
"5407025283456835913","unicode_1F4F1","📱","unicode_variant","restrictedemoji","RestrictedEmoji","📱|unicode_1F4F1","📱|unicode|premium","broad_unicode","ready","true","uuigww-telegram_emoji_for_llm"
"5408875181705799521","unicode_1F1E7_1F1EC","🇧🇬","unicode_variant","restrictedemoji","RestrictedEmoji","🇧🇬|unicode_1F1E7_1F1EC","🇧🇬|unicode|premium","broad_unicode","ready","true","uuigww-telegram_emoji_for_llm"
"5408878892557542535","unicode_1F1FE_1F1EA","🇾🇪","unicode_variant","restrictedemoji","RestrictedEmoji","🇾🇪|unicode_1F1FE_1F1EA","🇾🇪|unicode|premium","broad_unicode","ready","true","uuigww-telegram_emoji_for_llm"
"5408935401442267103","unicode_2694_FE0F","⚔️","unicode_variant","restrictedemoji","RestrictedEmoji","⚔️|unicode_2694_FE0F","⚔️|unicode|premium","broad_unicode","ready","true","uuigww-telegram_emoji_for_llm"
"5408977500711691863","unicode_1F1EC_1F1F3","🇬🇳","unicode_variant","restrictedemoji","RestrictedEmoji","🇬🇳|unicode_1F1EC_1F1F3","🇬🇳|unicode|premium","broad_unicode","ready","true","uuigww-telegram_emoji_for_llm"
"5408983586680350780","unicode_1F1EC_1F1E6","🇬🇦","unicode_variant","restrictedemoji","RestrictedEmoji","🇬🇦|unicode_1F1EC_1F1E6","🇬🇦|unicode|premium","broad_unicode","ready","true","uuigww-telegram_emoji_for_llm"
"5409008750893734809","unicode_1F3C6","🏆","unicode_variant","restrictedemoji","RestrictedEmoji","🏆|unicode_1F3C6","🏆|unicode|premium","broad_unicode","ready","true","uuigww-telegram_emoji_for_llm"
"5409048419211682843","dollar","💵","news_status","animated_news_emoji","NewsEmoji","dollar","dollar|💵","catalogued","ready","true","zulut30-premium-telegram-emoji"
"5409065547541260699","unicode_1F1ED_1F1FA","🇭🇺","unicode_variant","restrictedemoji","RestrictedEmoji","🇭🇺|unicode_1F1ED_1F1FA","🇭🇺|unicode|premium","broad_unicode","ready","true","uuigww-telegram_emoji_for_llm"
"5409076727341130651","unicode_1F40D","🐍","unicode_variant","restrictedemoji","RestrictedEmoji","🐍|unicode_1F40D","🐍|unicode|premium","broad_unicode","ready","true","uuigww-telegram_emoji_for_llm"
"5409096965227031137","unicode_1F1E6_1F1F9","🇦🇹","unicode_variant","restrictedemoji","RestrictedEmoji","🇦🇹|unicode_1F1E6_1F1F9","🇦🇹|unicode|premium","broad_unicode","ready","true","uuigww-telegram_emoji_for_llm"
"5409100220812239915","unicode_1F1F5_1F1EA","🇵🇪","unicode_variant","restrictedemoji","RestrictedEmoji","🇵🇪|unicode_1F1F5_1F1EA","🇵🇪|unicode|premium","broad_unicode","ready","true","uuigww-telegram_emoji_for_llm"
"5409152396074952733","unicode_1F406","🐆","unicode_variant","restrictedemoji","RestrictedEmoji","🐆|unicode_1F406","🐆|unicode|premium","broad_unicode","ready","true","uuigww-telegram_emoji_for_llm"
"5409360418520967565","unicode_1F1E9_1F1EA","🇩🇪","unicode_variant","restrictedemoji","RestrictedEmoji","🇩🇪|unicode_1F1E9_1F1EA","🇩🇪|unicode|premium","broad_unicode","ready","true","uuigww-telegram_emoji_for_llm"
"5411083752673650595","unicode_1F438","🐸","unicode_variant","restrictedemoji","RestrictedEmoji","🐸|unicode_1F438","🐸|unicode|premium","broad_unicode","ready","true","uuigww-telegram_emoji_for_llm"
"5411091492204716695","unicode_1F3F4","🏴","unicode_variant","restrictedemoji","RestrictedEmoji","🏴|unicode_1F3F4","🏴|unicode|premium","broad_unicode","ready","true","uuigww-telegram_emoji_for_llm"
"5411093944631044380","unicode_1F1F8_1F1F1","🇸🇱","unicode_variant","restrictedemoji","RestrictedEmoji","🇸🇱|unicode_1F1F8_1F1F1","🇸🇱|unicode|premium","broad_unicode","ready","true","uuigww-telegram_emoji_for_llm"
"5411124743841524806","unicode_1F1F3_1F1F1","🇳🇱","unicode_variant","restrictedemoji","RestrictedEmoji","🇳🇱|unicode_1F1F3_1F1F1","🇳🇱|unicode|premium","broad_unicode","ready","true","uuigww-telegram_emoji_for_llm"
"5411128690916467494","unicode_1F37C","🍼","unicode_variant","restrictedemoji","RestrictedEmoji","🍼|unicode_1F37C","🍼|unicode|premium","broad_unicode","ready","true","uuigww-telegram_emoji_for_llm"
"5411156256016573323","unicode_1F9C9","🧉","unicode_variant","restrictedemoji","RestrictedEmoji","🧉|unicode_1F9C9","🧉|unicode|premium","broad_unicode","ready","true","uuigww-telegram_emoji_for_llm"
"5411158944666101440","unicode_1F1F1_1F1FA","🇱🇺","unicode_variant","restrictedemoji","RestrictedEmoji","🇱🇺|unicode_1F1F1_1F1FA","🇱🇺|unicode|premium","broad_unicode","ready","true","uuigww-telegram_emoji_for_llm"
"5411159898148840778","unicode_1F1F7_1F1F4","🇷🇴","unicode_variant","restrictedemoji","RestrictedEmoji","🇷🇴|unicode_1F1F7_1F1F4","🇷🇴|unicode|premium","broad_unicode","ready","true","uuigww-telegram_emoji_for_llm"
"5411174505332615466","unicode_1F1EA_1F1EA","🇪🇪","unicode_variant","restrictedemoji","RestrictedEmoji","🇪🇪|unicode_1F1EA_1F1EA","🇪🇪|unicode|premium","broad_unicode","ready","true","uuigww-telegram_emoji_for_llm"
"5411175424455613715","unicode_1F6A9","🚩","unicode_variant","restrictedemoji","RestrictedEmoji","🚩|unicode_1F6A9","🚩|unicode|premium","broad_unicode","ready","true","uuigww-telegram_emoji_for_llm"
"5411194670204069594","unicode_1F1EE_1F1EA","🇮🇪","unicode_variant","restrictedemoji","RestrictedEmoji","🇮🇪|unicode_1F1EE_1F1EA","🇮🇪|unicode|premium","broad_unicode","ready","true","uuigww-telegram_emoji_for_llm"
"5411197345968695511","unicode_1F1F1_1F1F9","🇱🇹","unicode_variant","restrictedemoji","RestrictedEmoji","🇱🇹|unicode_1F1F1_1F1F9","🇱🇹|unicode|premium","broad_unicode","ready","true","uuigww-telegram_emoji_for_llm"
"5411225014148014586","record","⏺","news_status","animated_news_emoji","NewsEmoji","record","record|⏺","catalogued","ready","true","zulut30-premium-telegram-emoji"
"5411229867461060921","unicode_1F1F9_1F1E9","🇹🇩","unicode_variant","restrictedemoji","RestrictedEmoji","🇹🇩|unicode_1F1F9_1F1E9","🇹🇩|unicode|premium","broad_unicode","ready","true","uuigww-telegram_emoji_for_llm"
"5411259459785730007","unicode_1F1F2_1F1F1","🇲🇱","unicode_variant","restrictedemoji","RestrictedEmoji","🇲🇱|unicode_1F1F2_1F1F1","🇲🇱|unicode|premium","broad_unicode","ready","true","uuigww-telegram_emoji_for_llm"
"5411283953984218884","unicode_1F1E8_1F1EE","🇨🇮","unicode_variant","restrictedemoji","RestrictedEmoji","🇨🇮|unicode_1F1E8_1F1EE","🇨🇮|unicode|premium","broad_unicode","ready","true","uuigww-telegram_emoji_for_llm"
"5411285332668720752","unicode_1F3F3_FE0F","🏳️","unicode_variant","restrictedemoji","RestrictedEmoji","🏳️|unicode_1F3F3_FE0F","🏳️|unicode|premium","broad_unicode","ready","true","uuigww-telegram_emoji_for_llm"
"5411324253662356461","unicode_1FAD7","🫗","unicode_variant","restrictedemoji","RestrictedEmoji","🫗|unicode_1FAD7","🫗|unicode|premium","broad_unicode","ready","true","uuigww-telegram_emoji_for_llm"
"5411455658186778270","unicode_1F1E6_1F1F2","🇦🇲","unicode_variant","restrictedemoji","RestrictedEmoji","🇦🇲|unicode_1F1E6_1F1F2","🇦🇲|unicode|premium","broad_unicode","ready","true","uuigww-telegram_emoji_for_llm"
"5411500325846656872","unicode_1F41D","🐝","unicode_variant","restrictedemoji","RestrictedEmoji","🐝|unicode_1F41D","🐝|unicode|premium","broad_unicode","ready","true","uuigww-telegram_emoji_for_llm"
"5411512278740640309","unicode_1F9EA","🧪","unicode_variant","restrictedemoji","RestrictedEmoji","🧪|unicode_1F9EA","🧪|unicode|premium","broad_unicode","ready","true","uuigww-telegram_emoji_for_llm"
"5411520005386806155","unicode_1F3C1","🏁","unicode_variant","restrictedemoji","RestrictedEmoji","🏁|unicode_1F3C1","🏁|unicode|premium","broad_unicode","ready","true","uuigww-telegram_emoji_for_llm"
"5411564862025244994","unicode_1F1E7_1F1EA","🇧🇪","unicode_variant","restrictedemoji","RestrictedEmoji","🇧🇪|unicode_1F1E7_1F1EA","🇧🇪|unicode|premium","broad_unicode","ready","true","uuigww-telegram_emoji_for_llm"
"5411568100430587798","unicode_1F1F3_1F1EC","🇳🇬","unicode_variant","restrictedemoji","RestrictedEmoji","🇳🇬|unicode_1F1F3_1F1EC","🇳🇬|unicode|premium","broad_unicode","ready","true","uuigww-telegram_emoji_for_llm"
"5411604122321302582","telefon","📞","brands_apps","apple","","telefon","telefon|📞","catalogued","ready","true","zulut30-premium-telegram-emoji"
"5413492778355140447","unicode_1F408","🐈","unicode_variant","restrictedemoji","RestrictedEmoji","🐈|unicode_1F408","🐈|unicode|premium","broad_unicode","ready","true","uuigww-telegram_emoji_for_llm"
"5413496837099246635","unicode_1F6F9","🛹","unicode_variant","restrictedemoji","RestrictedEmoji","🛹|unicode_1F6F9","🛹|unicode|premium","broad_unicode","ready","true","uuigww-telegram_emoji_for_llm"
"5413521039239955481","unicode_1F1F3_1F1F5","🇳🇵","unicode_variant","restrictedemoji","RestrictedEmoji","🇳🇵|unicode_1F1F3_1F1F5","🇳🇵|unicode|premium","broad_unicode","ready","true","uuigww-telegram_emoji_for_llm"
"5413616769766009559","unicode_1F9A9","🦩","unicode_variant","restrictedemoji","RestrictedEmoji","🦩|unicode_1F9A9","🦩|unicode|premium","broad_unicode","ready","true","uuigww-telegram_emoji_for_llm"
"5413628907343588244","unicode_1F430","🐰","unicode_variant","restrictedemoji","RestrictedEmoji","🐰|unicode_1F430","🐰|unicode|premium","broad_unicode","ready","true","uuigww-telegram_emoji_for_llm"
"5413703918947413540","unicode_1F408_200D_2B1B","🐈‍⬛","unicode_variant","restrictedemoji","RestrictedEmoji","🐈‍⬛|unicode_1F408_200D_2B1B","🐈‍⬛|unicode|premium","broad_unicode","ready","true","uuigww-telegram_emoji_for_llm"
"5413704112220949842","unicode_23F0","⏰","unicode_variant","restrictedemoji","RestrictedEmoji","⏰|unicode_23F0","⏰|unicode|premium","broad_unicode","ready","true","uuigww-telegram_emoji_for_llm"
"5413704369918978673","unicode_1F95B","🥛","unicode_variant","restrictedemoji","RestrictedEmoji","🥛|unicode_1F95B","🥛|unicode|premium","broad_unicode","ready","true","uuigww-telegram_emoji_for_llm"
"5413869111979556783","unicode_1F38C","🎌","unicode_variant","restrictedemoji","RestrictedEmoji","🎌|unicode_1F38C","🎌|unicode|premium","broad_unicode","ready","true","uuigww-telegram_emoji_for_llm"
"5413879192267805083","calendar","📅","news_status","animated_news_emoji","NewsEmoji","calendar","calendar|📅","catalogued","ready","true","zulut30-premium-telegram-emoji"
"5415655814079723871","top","🔝","news_status","animated_news_emoji","NewsEmoji","top","top|🔝","catalogued","ready","true","zulut30-premium-telegram-emoji"
"5415696465945173620","unicode_1F984","🦄","unicode_variant","restrictedemoji","RestrictedEmoji","🦄|unicode_1F984","🦄|unicode|premium","broad_unicode","ready","true","uuigww-telegram_emoji_for_llm"
"5415803062738504079","unicode_1F5FA","🗺","unicode_variant","restrictedemoji","RestrictedEmoji","🗺|unicode_1F5FA","🗺|unicode|premium","broad_unicode","ready","true","uuigww-telegram_emoji_for_llm"
"5415966542078683753","unicode_1F9BF","🦿","unicode_variant","restrictedemoji","RestrictedEmoji","🦿|unicode_1F9BF","🦿|unicode|premium","broad_unicode","ready","true","uuigww-telegram_emoji_for_llm"
"5417952788359423425","unicode_1F404","🐄","unicode_variant","restrictedemoji","RestrictedEmoji","🐄|unicode_1F404","🐄|unicode|premium","broad_unicode","ready","true","uuigww-telegram_emoji_for_llm"
"5418010521309815154","unicode_1F3AB","🎫","unicode_variant","restrictedemoji","RestrictedEmoji","🎫|unicode_1F3AB","🎫|unicode|premium","broad_unicode","ready","true","uuigww-telegram_emoji_for_llm"
"5418011199914662526","dota","🙇‍♂️","gaming","","","dota","dota|🙇‍♂️","catalogued","ready","true","zulut30-premium-telegram-emoji"
"5420144630429667484","unicode_1F1EF_1F1F2","🇯🇲","unicode_variant","restrictedemoji","RestrictedEmoji","🇯🇲|unicode_1F1EF_1F1F2","🇯🇲|unicode|premium","broad_unicode","ready","true","uuigww-telegram_emoji_for_llm"
"5420163176098446088","unicode_1F1E7_1F1F9","🇧🇹","unicode_variant","restrictedemoji","RestrictedEmoji","🇧🇹|unicode_1F1E7_1F1F9","🇧🇹|unicode|premium","broad_unicode","ready","true","uuigww-telegram_emoji_for_llm"
"5420229786746239476","unicode_1F1F3_1F1E6","🇳🇦","unicode_variant","restrictedemoji","RestrictedEmoji","🇳🇦|unicode_1F1F3_1F1E6","🇳🇦|unicode|premium","broad_unicode","ready","true","uuigww-telegram_emoji_for_llm"
"5420273668427096000","unicode_1F48B","💋","unicode_variant","restrictedemoji","RestrictedEmoji","💋|unicode_1F48B","💋|unicode|premium","broad_unicode","ready","true","uuigww-telegram_emoji_for_llm"
"5420315771991497307","unicode_1F525","🔥","unicode_variant","restrictedemoji","RestrictedEmoji","🔥|unicode_1F525","🔥|unicode|premium|iran|persian|ایران|فارسی|نوروز|یلدا","broad_unicode|iran_culture_palette|persian_ui","ready","true","uuigww-telegram_emoji_for_llm"
"5420322107068267129","unicode_1F1F7_1F1EA","🇷🇪","unicode_variant","restrictedemoji","RestrictedEmoji","🇷🇪|unicode_1F1F7_1F1EA","🇷🇪|unicode|premium","broad_unicode","ready","true","uuigww-telegram_emoji_for_llm"
"5420323339723881652","warning_red","🔴","news_status","animated_news_emoji","NewsEmoji","warning_red","warning|red|🔴","catalogued","ready","true","zulut30-premium-telegram-emoji"
"5420380776321533161","unicode_1F1F9_1F1F9","🇹🇹","unicode_variant","restrictedemoji","RestrictedEmoji","🇹🇹|unicode_1F1F9_1F1F9","🇹🇹|unicode|premium","broad_unicode","ready","true","uuigww-telegram_emoji_for_llm"
"5420413662886117194","unicode_1F1EC_1F1FE","🇬🇾","unicode_variant","restrictedemoji","RestrictedEmoji","🇬🇾|unicode_1F1EC_1F1FE","🇬🇾|unicode|premium","broad_unicode","ready","true","uuigww-telegram_emoji_for_llm"
"5420472705801536529","unicode_1F1EC_1F1F2","🇬🇲","unicode_variant","restrictedemoji","RestrictedEmoji","🇬🇲|unicode_1F1EC_1F1F2","🇬🇲|unicode|premium","broad_unicode","ready","true","uuigww-telegram_emoji_for_llm"
"5420481703758019034","unicode_1F1F2_1F1F3","🇲🇳","unicode_variant","restrictedemoji","RestrictedEmoji","🇲🇳|unicode_1F1F2_1F1F3","🇲🇳|unicode|premium","broad_unicode","ready","true","uuigww-telegram_emoji_for_llm"
"5420505321783179067","unicode_1F1F2_1F1F4","🇲🇴","unicode_variant","restrictedemoji","RestrictedEmoji","🇲🇴|unicode_1F1F2_1F1F4","🇲🇴|unicode|premium","broad_unicode","ready","true","uuigww-telegram_emoji_for_llm"
"5420548035232937623","unicode_1F1EA_1F1F7","🇪🇷","unicode_variant","restrictedemoji","RestrictedEmoji","🇪🇷|unicode_1F1EA_1F1F7","🇪🇷|unicode|premium","broad_unicode","ready","true","uuigww-telegram_emoji_for_llm"
"5420642954010175242","unicode_1F9AD","🦭","unicode_variant","restrictedemoji","RestrictedEmoji","🦭|unicode_1F9AD","🦭|unicode|premium","broad_unicode","ready","true","uuigww-telegram_emoji_for_llm"
"5422342777511886475","unicode_1F1F0_1F1F2","🇰🇲","unicode_variant","restrictedemoji","RestrictedEmoji","🇰🇲|unicode_1F1F0_1F1F2","🇰🇲|unicode|premium","broad_unicode","ready","true","uuigww-telegram_emoji_for_llm"
"5422354988103901774","unicode_1F51D","🔝","unicode_variant","restrictedemoji","RestrictedEmoji","🔝|unicode_1F51D","🔝|unicode|premium","broad_unicode","ready","true","uuigww-telegram_emoji_for_llm"
"5422439311196834318","idea","💡","news_status","animated_news_emoji","NewsEmoji","idea","idea|💡","catalogued","ready","true","zulut30-premium-telegram-emoji"
"5422465115360345921","unicode_1F1F2_1F1F7","🇲🇷","unicode_variant","restrictedemoji","RestrictedEmoji","🇲🇷|unicode_1F1F2_1F1F7","🇲🇷|unicode|premium","broad_unicode","ready","true","uuigww-telegram_emoji_for_llm"
"5422479718249151727","unicode_1F1E8_1F1EC","🇨🇬","unicode_variant","restrictedemoji","RestrictedEmoji","🇨🇬|unicode_1F1E8_1F1EC","🇨🇬|unicode|premium","broad_unicode","ready","true","uuigww-telegram_emoji_for_llm"
"5422512652058379683","unicode_1F1F9_1F1F2","🇹🇲","unicode_variant","restrictedemoji","RestrictedEmoji","🇹🇲|unicode_1F1F9_1F1F2","🇹🇲|unicode|premium","broad_unicode","ready","true","uuigww-telegram_emoji_for_llm"
"5422515422312281871","unicode_1F1F1_1F1F8","🇱🇸","unicode_variant","restrictedemoji","RestrictedEmoji","🇱🇸|unicode_1F1F1_1F1F8","🇱🇸|unicode|premium","broad_unicode","ready","true","uuigww-telegram_emoji_for_llm"
"5422520224085720580","unicode_1F1F1_1F1F7","🇱🇷","unicode_variant","restrictedemoji","RestrictedEmoji","🇱🇷|unicode_1F1F1_1F1F7","🇱🇷|unicode|premium","broad_unicode","ready","true","uuigww-telegram_emoji_for_llm"
"5422542669584800702","unicode_1F51E","🔞","unicode_variant","restrictedemoji","RestrictedEmoji","🔞|unicode_1F51E","🔞|unicode|premium","broad_unicode","ready","true","uuigww-telegram_emoji_for_llm"
"5422582995032746400","unicode_264A_FE0F","♊️","unicode_variant","restrictedemoji","RestrictedEmoji","♊️|unicode_264A_FE0F","♊️|unicode|premium","broad_unicode","ready","true","uuigww-telegram_emoji_for_llm"
"5422587427438998925","unicode_1F1F8_1F1FF","🇸🇿","unicode_variant","restrictedemoji","RestrictedEmoji","🇸🇿|unicode_1F1F8_1F1FF","🇸🇿|unicode|premium","broad_unicode","ready","true","uuigww-telegram_emoji_for_llm"
"5422594827667653377","unicode_1F1E7_1F1FC","🇧🇼","unicode_variant","restrictedemoji","RestrictedEmoji","🇧🇼|unicode_1F1E7_1F1FC","🇧🇼|unicode|premium","broad_unicode","ready","true","uuigww-telegram_emoji_for_llm"
"5422602597263489621","unicode_1F1F9_1F1F1","🇹🇱","unicode_variant","restrictedemoji","RestrictedEmoji","🇹🇱|unicode_1F1F9_1F1F1","🇹🇱|unicode|premium","broad_unicode","ready","true","uuigww-telegram_emoji_for_llm"
"5422628135139031178","unicode_1F1E8_1F1EB","🇨🇫","unicode_variant","restrictedemoji","RestrictedEmoji","🇨🇫|unicode_1F1E8_1F1EB","🇨🇫|unicode|premium","broad_unicode","ready","true","uuigww-telegram_emoji_for_llm"
"5422683699130933153","unicode_1FAAA","🪪","unicode_variant","restrictedemoji","RestrictedEmoji","🪪|unicode_1FAAA","🪪|unicode|premium","broad_unicode","ready","true","uuigww-telegram_emoji_for_llm"
"5424638381697018084","unicode_2652_FE0F","♒️","unicode_variant","restrictedemoji","RestrictedEmoji","♒️|unicode_2652_FE0F","♒️|unicode|premium","broad_unicode","ready","true","uuigww-telegram_emoji_for_llm"
"5424647753315657842","unicode_264E_FE0F","♎️","unicode_variant","restrictedemoji","RestrictedEmoji","♎️|unicode_264E_FE0F","♎️|unicode|premium","broad_unicode","ready","true","uuigww-telegram_emoji_for_llm"
"5424649771950287002","unicode_26CE","⛎","unicode_variant","restrictedemoji","RestrictedEmoji","⛎|unicode_26CE","⛎|unicode|premium","broad_unicode","ready","true","uuigww-telegram_emoji_for_llm"
"5424657219423577765","unicode_2648_FE0F","♈️","unicode_variant","restrictedemoji","RestrictedEmoji","♈️|unicode_2648_FE0F","♈️|unicode|premium","broad_unicode","ready","true","uuigww-telegram_emoji_for_llm"
"5424710210730075565","unicode_2650_FE0F","♐️","unicode_variant","restrictedemoji","RestrictedEmoji","♐️|unicode_2650_FE0F","♐️|unicode|premium","broad_unicode","ready","true","uuigww-telegram_emoji_for_llm"
"5424710661701642809","unicode_2651_FE0F","♑️","unicode_variant","restrictedemoji","RestrictedEmoji","♑️|unicode_2651_FE0F","♑️|unicode|premium","broad_unicode","ready","true","uuigww-telegram_emoji_for_llm"
"5424717464929838278","unicode_264C_FE0F","♌️","unicode_variant","restrictedemoji","RestrictedEmoji","♌️|unicode_264C_FE0F","♌️|unicode|premium","broad_unicode","ready","true","uuigww-telegram_emoji_for_llm"
"5424777671781393596","unicode_2649_FE0F","♉️","unicode_variant","restrictedemoji","RestrictedEmoji","♉️|unicode_2649_FE0F","♉️|unicode|premium","broad_unicode","ready","true","uuigww-telegram_emoji_for_llm"
"5424799150912838494","unicode_1F36D","🍭","unicode_variant","restrictedemoji","RestrictedEmoji","🍭|unicode_1F36D","🍭|unicode|premium","broad_unicode","ready","true","uuigww-telegram_emoji_for_llm"
"5424818078833715060","announcement","📢","news_status","animated_news_emoji","NewsEmoji","announcement","announcement|📢","catalogued","ready","true","zulut30-premium-telegram-emoji"
"5424885441100782420","unicode_1F440","👀","unicode_variant","restrictedemoji","RestrictedEmoji","👀|unicode_1F440","👀|unicode|premium","broad_unicode","ready","true","uuigww-telegram_emoji_for_llm"
"5424892643760937442","unicode_1F441","👁","unicode_variant","restrictedemoji","RestrictedEmoji","👁|unicode_1F441","👁|unicode|premium","broad_unicode","ready","true","uuigww-telegram_emoji_for_llm"
"5424922309100053218","unicode_264F_FE0F","♏️","unicode_variant","restrictedemoji","RestrictedEmoji","♏️|unicode_264F_FE0F","♏️|unicode|premium","broad_unicode","ready","true","uuigww-telegram_emoji_for_llm"
"5424934828929723803","unicode_264B_FE0F","♋️","unicode_variant","restrictedemoji","RestrictedEmoji","♋️|unicode_264B_FE0F","♋️|unicode|premium","broad_unicode","ready","true","uuigww-telegram_emoji_for_llm"
"5424972470023104089","fire","🔥","news_status","animated_news_emoji","NewsEmoji","fire","fire|🔥|iran|persian|ایران|فارسی|نوروز|یلدا","catalogued|iran_culture_palette|persian_ui","ready","true","zulut30-premium-telegram-emoji"
"5425070270723402683","unicode_264D_FE0F","♍️","unicode_variant","restrictedemoji","RestrictedEmoji","♍️|unicode_264D_FE0F","♍️|unicode|premium","broad_unicode","ready","true","uuigww-telegram_emoji_for_llm"
"5425091973193147960","unicode_2653_FE0F","♓️","unicode_variant","restrictedemoji","RestrictedEmoji","♓️|unicode_2653_FE0F","♓️|unicode|premium","broad_unicode","ready","true","uuigww-telegram_emoji_for_llm"
"5425119671437237058","unicode_1F484","💄","unicode_variant","restrictedemoji","RestrictedEmoji","💄|unicode_1F484","💄|unicode|premium","broad_unicode","ready","true","uuigww-telegram_emoji_for_llm"
"5426842228200847679","unicode_1F1F3_1F1EE","🇳🇮","unicode_variant","restrictedemoji","RestrictedEmoji","🇳🇮|unicode_1F1F3_1F1EE","🇳🇮|unicode|premium","broad_unicode","ready","true","uuigww-telegram_emoji_for_llm"
"5426845148778609404","unicode_1F1F9_1F1EC","🇹🇬","unicode_variant","restrictedemoji","RestrictedEmoji","🇹🇬|unicode_1F1F9_1F1EC","🇹🇬|unicode|premium","broad_unicode","ready","true","uuigww-telegram_emoji_for_llm"
"5426900601101374618","unicode_1F9FF","🧿","unicode_variant","restrictedemoji","RestrictedEmoji","🧿|unicode_1F9FF","🧿|unicode|premium","broad_unicode","ready","true","uuigww-telegram_emoji_for_llm"
"5426911591922678926","unicode_1F1F5_1F1EC","🇵🇬","unicode_variant","restrictedemoji","RestrictedEmoji","🇵🇬|unicode_1F1F5_1F1EC","🇵🇬|unicode|premium","broad_unicode","ready","true","uuigww-telegram_emoji_for_llm"
"5426971433702012873","unicode_1F1F1_1F1E6","🇱🇦","unicode_variant","restrictedemoji","RestrictedEmoji","🇱🇦|unicode_1F1F1_1F1E6","🇱🇦|unicode|premium","broad_unicode","ready","true","uuigww-telegram_emoji_for_llm"
"5426992955783134297","unicode_1F1F5_1F1FE","🇵🇾","unicode_variant","restrictedemoji","RestrictedEmoji","🇵🇾|unicode_1F1F5_1F1FE","🇵🇾|unicode|premium","broad_unicode","ready","true","uuigww-telegram_emoji_for_llm"
"5426996426116718733","apple","⌚️","brands_apps","apple","","apple","apple|⌚️","catalogued","ready","true","zulut30-premium-telegram-emoji"
"5427009714745517609","unicode_2705","✅","unicode_variant","restrictedemoji","RestrictedEmoji","✅|unicode_2705","✅|unicode|premium","broad_unicode","ready","true","uuigww-telegram_emoji_for_llm"
"5427042798878610107","unicode_1F308","🌈","unicode_variant","restrictedemoji","RestrictedEmoji","🌈|unicode_1F308","🌈|unicode|premium","broad_unicode","ready","true","uuigww-telegram_emoji_for_llm"
"5427115319401408320","airpods","🎧","brands_apps","apple","","airpods","airpods|🎧","catalogued","ready","true","zulut30-premium-telegram-emoji"
"5427118703835625983","unicode_1F1F1_1F1E7","🇱🇧","unicode_variant","restrictedemoji","RestrictedEmoji","🇱🇧|unicode_1F1F1_1F1E7","🇱🇧|unicode|premium","broad_unicode","ready","true","uuigww-telegram_emoji_for_llm"
"5427137412713161135","unicode_1F98C","🦌","unicode_variant","restrictedemoji","RestrictedEmoji","🦌|unicode_1F98C","🦌|unicode|premium","broad_unicode","ready","true","uuigww-telegram_emoji_for_llm"
"5427148558153295349","unicode_1F402","🐂","unicode_variant","restrictedemoji","RestrictedEmoji","🐂|unicode_1F402","🐂|unicode|premium","broad_unicode","ready","true","uuigww-telegram_emoji_for_llm"
"5427236235615683748","unicode_1F1E9_1F1F4","🇩🇴","unicode_variant","restrictedemoji","RestrictedEmoji","🇩🇴|unicode_1F1E9_1F1F4","🇩🇴|unicode|premium","broad_unicode","ready","true","uuigww-telegram_emoji_for_llm"
"5427268877367130483","unicode_1F1F0_1F1EC","🇰🇬","unicode_variant","restrictedemoji","RestrictedEmoji","🇰🇬|unicode_1F1F0_1F1EC","🇰🇬|unicode|premium","broad_unicode","ready","true","uuigww-telegram_emoji_for_llm"
"5427301849831061043","unicode_1F1F8_1F1FB","🇸🇻","unicode_variant","restrictedemoji","RestrictedEmoji","🇸🇻|unicode_1F1F8_1F1FB","🇸🇻|unicode|premium","broad_unicode","ready","true","uuigww-telegram_emoji_for_llm"
"5427304285077516492","unicode_1F1F9_1F1EF","🇹🇯","unicode_variant","restrictedemoji","RestrictedEmoji","🇹🇯|unicode_1F1F9_1F1EF","🇹🇯|unicode|premium","broad_unicode","ready","true","uuigww-telegram_emoji_for_llm"
"5429106139822303027","unicode_1F1F2_1F1FF","🇲🇿","unicode_variant","restrictedemoji","RestrictedEmoji","🇲🇿|unicode_1F1F2_1F1FF","🇲🇿|unicode|premium","broad_unicode","ready","true","uuigww-telegram_emoji_for_llm"
"5429116151391070736","unicode_1F6C4","🛄","unicode_variant","restrictedemoji","RestrictedEmoji","🛄|unicode_1F6C4","🛄|unicode|premium","broad_unicode","ready","true","uuigww-telegram_emoji_for_llm"
"5429154466794317724","unicode_1F1F0_1F1FC","🇰🇼","unicode_variant","restrictedemoji","RestrictedEmoji","🇰🇼|unicode_1F1F0_1F1FC","🇰🇼|unicode|premium","broad_unicode","ready","true","uuigww-telegram_emoji_for_llm"
"5429165814097913547","unicode_1F1F2_1F1EC","🇲🇬","unicode_variant","restrictedemoji","RestrictedEmoji","🇲🇬|unicode_1F1F2_1F1EC","🇲🇬|unicode|premium","broad_unicode","ready","true","uuigww-telegram_emoji_for_llm"
"5429268893313017179","unicode_1F1E7_1F1F8","🇧🇸","unicode_variant","restrictedemoji","RestrictedEmoji","🇧🇸|unicode_1F1E7_1F1F8","🇧🇸|unicode|premium","broad_unicode","ready","true","uuigww-telegram_emoji_for_llm"
"5429270924832548299","unicode_1F1E7_1F1EF","🇧🇯","unicode_variant","restrictedemoji","RestrictedEmoji","🇧🇯|unicode_1F1E7_1F1EF","🇧🇯|unicode|premium","broad_unicode","ready","true","uuigww-telegram_emoji_for_llm"
"5429279123925130812","unicode_1FAD6","🫖","unicode_variant","restrictedemoji","RestrictedEmoji","🫖|unicode_1FAD6","🫖|unicode|premium","broad_unicode","ready","true","uuigww-telegram_emoji_for_llm"
"5429286305110449868","unicode_1F429","🐩","unicode_variant","restrictedemoji","RestrictedEmoji","🐩|unicode_1F429","🐩|unicode|premium","broad_unicode","ready","true","uuigww-telegram_emoji_for_llm"
"5429337466760864755","unicode_1F6C5","🛅","unicode_variant","restrictedemoji","RestrictedEmoji","🛅|unicode_1F6C5","🛅|unicode|premium","broad_unicode","ready","true","uuigww-telegram_emoji_for_llm"
"5429363657471434941","unicode_1F468_200D_2695_FE0F","👨‍⚕️","unicode_variant","restrictedemoji","RestrictedEmoji","👨‍⚕️|unicode_1F468_200D_2695_FE0F","👨‍⚕️|unicode|premium","broad_unicode","ready","true","uuigww-telegram_emoji_for_llm"
"5429363803500338694","unicode_1F415","🐕","unicode_variant","restrictedemoji","RestrictedEmoji","🐕|unicode_1F415","🐕|unicode|premium","broad_unicode","ready","true","uuigww-telegram_emoji_for_llm"
"5429368016863254478","unicode_1F9C2","🧂","unicode_variant","restrictedemoji","RestrictedEmoji","🧂|unicode_1F9C2","🧂|unicode|premium","broad_unicode","ready","true","uuigww-telegram_emoji_for_llm"
"5429403746696189687","unicode_1F3F0","🏰","unicode_variant","restrictedemoji","RestrictedEmoji","🏰|unicode_1F3F0","🏰|unicode|premium","broad_unicode","ready","true","uuigww-telegram_emoji_for_llm"
"5429474729620677471","unicode_1F6BA","🚺","unicode_variant","restrictedemoji","RestrictedEmoji","🚺|unicode_1F6BA","🚺|unicode|premium","broad_unicode","ready","true","uuigww-telegram_emoji_for_llm"
"5429484951642842713","unicode_1F1F8_1F1F9","🇸🇹","unicode_variant","restrictedemoji","RestrictedEmoji","🇸🇹|unicode_1F1F8_1F1F9","🇸🇹|unicode|premium","broad_unicode","ready","true","uuigww-telegram_emoji_for_llm"
"5429496861587156146","unicode_1F1E8_1F1FF","🇨🇿","unicode_variant","restrictedemoji","RestrictedEmoji","🇨🇿|unicode_1F1E8_1F1FF","🇨🇿|unicode|premium","broad_unicode","ready","true","uuigww-telegram_emoji_for_llm"
"5429528601395485922","unicode_1FA80","🪀","unicode_variant","restrictedemoji","RestrictedEmoji","🪀|unicode_1FA80","🪀|unicode|premium","broad_unicode","ready","true","uuigww-telegram_emoji_for_llm"
"5429564911048992647","unicode_1F6B9","🚹","unicode_variant","restrictedemoji","RestrictedEmoji","🚹|unicode_1F6B9","🚹|unicode|premium","broad_unicode","ready","true","uuigww-telegram_emoji_for_llm"
"5429574437286454077","unicode_1F1EC_1F1FC","🇬🇼","unicode_variant","restrictedemoji","RestrictedEmoji","🇬🇼|unicode_1F1EC_1F1FC","🇬🇼|unicode|premium","broad_unicode","ready","true","uuigww-telegram_emoji_for_llm"
"5429612430567155314","unicode_1F6C2","🛂","unicode_variant","restrictedemoji","RestrictedEmoji","🛂|unicode_1F6C2","🛂|unicode|premium","broad_unicode","ready","true","uuigww-telegram_emoji_for_llm"
"5429629795119944797","unicode_1FA86","🪆","unicode_variant","restrictedemoji","RestrictedEmoji","🪆|unicode_1FA86","🪆|unicode|premium","broad_unicode","ready","true","uuigww-telegram_emoji_for_llm"
"5431376038628171216","unicode_1F4BB","💻","unicode_variant","restrictedemoji","RestrictedEmoji","💻|unicode_1F4BB","💻|unicode|premium","broad_unicode","ready","true","uuigww-telegram_emoji_for_llm"
"5431435781623260953","unicode_1F1F8_1F1E9","🇸🇩","unicode_variant","restrictedemoji","RestrictedEmoji","🇸🇩|unicode_1F1F8_1F1E9","🇸🇩|unicode|premium","broad_unicode","ready","true","uuigww-telegram_emoji_for_llm"
"5431449001532594346","unicode_26A1_FE0F","⚡️","unicode_variant","restrictedemoji","RestrictedEmoji","⚡️|unicode_26A1_FE0F","⚡️|unicode|premium","broad_unicode","ready","true","uuigww-telegram_emoji_for_llm"
"5431456208487716895","unicode_1F3A8","🎨","unicode_variant","restrictedemoji","RestrictedEmoji","🎨|unicode_1F3A8","🎨|unicode|premium","broad_unicode","ready","true","uuigww-telegram_emoji_for_llm"
"5431499171045581032","unicode_1F6D2","🛒","unicode_variant","restrictedemoji","RestrictedEmoji","🛒|unicode_1F6D2","🛒|unicode|premium","broad_unicode","ready","true","uuigww-telegram_emoji_for_llm"
"5431541386279135269","unicode_1F1EA_1F1ED","🇪🇭","unicode_variant","restrictedemoji","RestrictedEmoji","🇪🇭|unicode_1F1EA_1F1ED","🇪🇭|unicode|premium","broad_unicode","ready","true","uuigww-telegram_emoji_for_llm"
"5431577498364158238","unicode_1F4CA","📊","unicode_variant","restrictedemoji","RestrictedEmoji","📊|unicode_1F4CA","📊|unicode|premium","broad_unicode","ready","true","uuigww-telegram_emoji_for_llm"
"5431585985219534209","unicode_1F387","🎇","unicode_variant","restrictedemoji","RestrictedEmoji","🎇|unicode_1F387","🎇|unicode|premium","broad_unicode","ready","true","uuigww-telegram_emoji_for_llm"
"5431602426354344379","unicode_1F469_200D_2695_FE0F","👩‍⚕️","unicode_variant","restrictedemoji","RestrictedEmoji","👩‍⚕️|unicode_1F469_200D_2695_FE0F","👩‍⚕️|unicode|premium","broad_unicode","ready","true","uuigww-telegram_emoji_for_llm"
"5431609822288033666","secret","🤫","news_status","animated_news_emoji","NewsEmoji","secret","secret|🤫","catalogued","ready","true","zulut30-premium-telegram-emoji"
"5431721976769027887","unicode_1F4C2","📂","unicode_variant","restrictedemoji","RestrictedEmoji","📂|unicode_1F4C2","📂|unicode|premium","broad_unicode","ready","true","uuigww-telegram_emoji_for_llm"
"5431736674147114227","unicode_1F5C2","🗂","unicode_variant","restrictedemoji","RestrictedEmoji","🗂|unicode_1F5C2","🗂|unicode|premium","broad_unicode","ready","true","uuigww-telegram_emoji_for_llm"
"5431751483194351011","unicode_1F3DD","🏝","unicode_variant","restrictedemoji","RestrictedEmoji","🏝|unicode_1F3DD","🏝|unicode|premium","broad_unicode","ready","true","uuigww-telegram_emoji_for_llm"
"5431782733376399004","unicode_1F1E8_1F1F3","🇨🇳","unicode_variant","restrictedemoji","RestrictedEmoji","🇨🇳|unicode_1F1E8_1F1F3","🇨🇳|unicode|premium","broad_unicode","ready","true","uuigww-telegram_emoji_for_llm"
"5431783411981228752","unicode_1F386","🎆","unicode_variant","restrictedemoji","RestrictedEmoji","🎆|unicode_1F386","🎆|unicode|premium|iran|persian|ایران|فارسی|نوروز|یلدا","broad_unicode|iran_culture_palette|persian_ui","ready","true","uuigww-telegram_emoji_for_llm"
"5431815452437257407","unicode_1F433","🐳","unicode_variant","restrictedemoji","RestrictedEmoji","🐳|unicode_1F433","🐳|unicode|premium","broad_unicode","ready","true","uuigww-telegram_emoji_for_llm"
"5431895003821513760","unicode_2744_FE0F","❄️","unicode_variant","restrictedemoji","RestrictedEmoji","❄️|unicode_2744_FE0F","❄️|unicode|premium","broad_unicode","ready","true","uuigww-telegram_emoji_for_llm"
"5431897022456145283","unicode_1F4C6","📆","unicode_variant","restrictedemoji","RestrictedEmoji","📆|unicode_1F4C6","📆|unicode|premium","broad_unicode","ready","true","uuigww-telegram_emoji_for_llm"
"5433614747381538714","unicode_1F4E4","📤","unicode_variant","restrictedemoji","RestrictedEmoji","📤|unicode_1F4E4","📤|unicode|premium","broad_unicode","ready","true","uuigww-telegram_emoji_for_llm"
"5433635625217563352","unicode_1F48A","💊","unicode_variant","restrictedemoji","RestrictedEmoji","💊|unicode_1F48A","💊|unicode|premium","broad_unicode","ready","true","uuigww-telegram_emoji_for_llm"
"5433645645376264953","unicode_1F3D6","🏖","unicode_variant","restrictedemoji","RestrictedEmoji","🏖|unicode_1F3D6","🏖|unicode|premium","broad_unicode","ready","true","uuigww-telegram_emoji_for_llm"
"5433653135799228968","unicode_1F4C1","📁","unicode_variant","restrictedemoji","RestrictedEmoji","📁|unicode_1F4C1","📁|unicode|premium","broad_unicode","ready","true","uuigww-telegram_emoji_for_llm"
"5433656554593196791","unicode_1F9A0","🦠","unicode_variant","restrictedemoji","RestrictedEmoji","🦠|unicode_1F9A0","🦠|unicode|premium","broad_unicode","ready","true","uuigww-telegram_emoji_for_llm"
"5433689153394973729","unicode_1F9FB","🧻","unicode_variant","restrictedemoji","RestrictedEmoji","🧻|unicode_1F9FB","🧻|unicode|premium","broad_unicode","ready","true","uuigww-telegram_emoji_for_llm"
"5433713454319938373","unicode_1FA76","🩶","unicode_variant","restrictedemoji","RestrictedEmoji","🩶|unicode_1FA76","🩶|unicode|premium","broad_unicode","ready","true","uuigww-telegram_emoji_for_llm"
"5433769525117983603","unicode_26B0_FE0F","⚰️","unicode_variant","restrictedemoji","RestrictedEmoji","⚰️|unicode_26B0_FE0F","⚰️|unicode|premium","broad_unicode","ready","true","uuigww-telegram_emoji_for_llm"
"5433811242135331842","unicode_1F4E5","📥","unicode_variant","restrictedemoji","RestrictedEmoji","📥|unicode_1F4E5","📥|unicode|premium","broad_unicode","ready","true","uuigww-telegram_emoji_for_llm"
"5433825729060018456","unicode_1F9ED","🧭","unicode_variant","restrictedemoji","RestrictedEmoji","🧭|unicode_1F9ED","🧭|unicode|premium","broad_unicode","ready","true","uuigww-telegram_emoji_for_llm"
"5433856365061746058","unicode_1FA75","🩵","unicode_variant","restrictedemoji","RestrictedEmoji","🩵|unicode_1FA75","🩵|unicode|premium","broad_unicode","ready","true","uuigww-telegram_emoji_for_llm"
"5433871032375060997","unicode_1FAF7","🫷","unicode_variant","restrictedemoji","RestrictedEmoji","🫷|unicode_1FAF7","🫷|unicode|premium","broad_unicode","ready","true","uuigww-telegram_emoji_for_llm"
"5433982607035474385","unicode_1F4F0","📰","unicode_variant","restrictedemoji","RestrictedEmoji","📰|unicode_1F4F0","📰|unicode|premium","broad_unicode","ready","true","uuigww-telegram_emoji_for_llm"
"5434031913260035048","unicode_1FA77","🩷","unicode_variant","restrictedemoji","RestrictedEmoji","🩷|unicode_1FA77","🩷|unicode|premium","broad_unicode","ready","true","uuigww-telegram_emoji_for_llm"
"5434103785242768167","unicode_1FAF8","🫸","unicode_variant","restrictedemoji","RestrictedEmoji","🫸|unicode_1FAF8","🫸|unicode|premium","broad_unicode","ready","true","uuigww-telegram_emoji_for_llm"
"5434121252874756456","unicode_1F54A","🕊","unicode_variant","restrictedemoji","RestrictedEmoji","🕊|unicode_1F54A","🕊|unicode|premium","broad_unicode","ready","true","uuigww-telegram_emoji_for_llm"
"5435933711893797296","unicode_1F38A","🎊","unicode_variant","restrictedemoji","RestrictedEmoji","🎊|unicode_1F38A","🎊|unicode|premium","broad_unicode","ready","true","uuigww-telegram_emoji_for_llm"
"5435957248314579621","unicode_2B50_FE0F","⭐️","unicode_variant","restrictedemoji","RestrictedEmoji","⭐️|unicode_2B50_FE0F","⭐️|unicode|premium","broad_unicode","ready","true","uuigww-telegram_emoji_for_llm"
"5436040291507247633","unicode_1F389","🎉","unicode_variant","restrictedemoji","RestrictedEmoji","🎉|unicode_1F389","🎉|unicode|premium|iran|persian|ایران|فارسی|نوروز|یلدا","broad_unicode|iran_culture_palette|persian_ui","ready","true","uuigww-telegram_emoji_for_llm"
"5436113877181941026","question","❓","news_status","animated_news_emoji","NewsEmoji","question","question|❓","catalogued","ready","true","zulut30-premium-telegram-emoji"
"5436275462441542596","unicode_1F49F","💟","unicode_variant","restrictedemoji","RestrictedEmoji","💟|unicode_1F49F","💟|unicode|premium","broad_unicode","ready","true","uuigww-telegram_emoji_for_llm"
"5436275698664759373","unicode_1F9F1","🧱","unicode_variant","restrictedemoji","RestrictedEmoji","🧱|unicode_1F9F1","🧱|unicode|premium","broad_unicode","ready","true","uuigww-telegram_emoji_for_llm"
"5436341901290658109","unicode_1F6E2","🛢","unicode_variant","restrictedemoji","RestrictedEmoji","🛢|unicode_1F6E2","🛢|unicode|premium","broad_unicode","ready","true","uuigww-telegram_emoji_for_llm"
"5436346870567806865","unicode_1F42B","🐫","unicode_variant","restrictedemoji","RestrictedEmoji","🐫|unicode_1F42B","🐫|unicode|premium","broad_unicode","ready","true","uuigww-telegram_emoji_for_llm"
"5438101579456602876","unicode_1F681","🚁","unicode_variant","restrictedemoji","RestrictedEmoji","🚁|unicode_1F681","🚁|unicode|premium","broad_unicode","ready","true","uuigww-telegram_emoji_for_llm"
"5438309683506979622","unicode_1F983","🦃","unicode_variant","restrictedemoji","RestrictedEmoji","🦃|unicode_1F983","🦃|unicode|premium","broad_unicode","ready","true","uuigww-telegram_emoji_for_llm"
"5438496463044752972","star","⭐","news_status","animated_news_emoji","NewsEmoji","star","star|⭐","catalogued","ready","true","zulut30-premium-telegram-emoji"
"5438559620538842050","gta","🕹","gaming","","","gta","gta|🕹","catalogued","ready","true","zulut30-premium-telegram-emoji"
"5440354006335495210","unicode_1F338","🌸","unicode_variant","restrictedemoji","RestrictedEmoji","🌸|unicode_1F338","🌸|unicode|premium|iran|persian|ایران|فارسی|نوروز|یلدا","broad_unicode|iran_culture_palette|persian_ui","ready","true","uuigww-telegram_emoji_for_llm"
"5440371950708864925","unicode_1F1EC_1F1EA","🇬🇪","unicode_variant","restrictedemoji","RestrictedEmoji","🇬🇪|unicode_1F1EC_1F1EA","🇬🇪|unicode|premium","broad_unicode","ready","true","uuigww-telegram_emoji_for_llm"
"5440551785284510215","unicode_1F3A2","🎢","unicode_variant","restrictedemoji","RestrictedEmoji","🎢|unicode_1F3A2","🎢|unicode|premium","broad_unicode","ready","true","uuigww-telegram_emoji_for_llm"
"5440621591387980068","soon","⏳","news_status","animated_news_emoji","NewsEmoji","soon","soon|⏳","catalogued","ready","true","zulut30-premium-telegram-emoji"
"5440660757194744323","double_excl","‼️","news_status","animated_news_emoji","NewsEmoji","double_excl","double|excl|‼️","catalogued","ready","true","zulut30-premium-telegram-emoji"
"5440748683765227563","unicode_1F33A","🌺","unicode_variant","restrictedemoji","RestrictedEmoji","🌺|unicode_1F33A","🌺|unicode|premium","broad_unicode","ready","true","uuigww-telegram_emoji_for_llm"
"5440827745523216914","unicode_1F1F2_1F1EA","🇲🇪","unicode_variant","restrictedemoji","RestrictedEmoji","🇲🇪|unicode_1F1F2_1F1EA","🇲🇪|unicode|premium","broad_unicode","ready","true","uuigww-telegram_emoji_for_llm"
"5440874620796284751","unicode_1F1F8_1F1EE","🇸🇮","unicode_variant","restrictedemoji","RestrictedEmoji","🇸🇮|unicode_1F1F8_1F1EE","🇸🇮|unicode|premium","broad_unicode","ready","true","uuigww-telegram_emoji_for_llm"
"5440911110838425969","unicode_1F339","🌹","unicode_variant","restrictedemoji","RestrictedEmoji","🌹|unicode_1F339","🌹|unicode|premium","broad_unicode","ready","true","uuigww-telegram_emoji_for_llm"
"5442607966517736672","unicode_1F1F2_1F1E9","🇲🇩","unicode_variant","restrictedemoji","RestrictedEmoji","🇲🇩|unicode_1F1F2_1F1E9","🇲🇩|unicode|premium","broad_unicode","ready","true","uuigww-telegram_emoji_for_llm"
"5442634591020003500","unicode_1F1F2_1F1F0","🇲🇰","unicode_variant","restrictedemoji","RestrictedEmoji","🇲🇰|unicode_1F1F2_1F1F0","🇲🇰|unicode|premium","broad_unicode","ready","true","uuigww-telegram_emoji_for_llm"
"5442703336266543270","unicode_1F1E8_1F1ED","🇨🇭","unicode_variant","restrictedemoji","RestrictedEmoji","🇨🇭|unicode_1F1E8_1F1ED","🇨🇭|unicode|premium","broad_unicode","ready","true","uuigww-telegram_emoji_for_llm"
"5442767700646442025","unicode_1F1FD_1F1F0","🇽🇰","unicode_variant","restrictedemoji","RestrictedEmoji","🇽🇰|unicode_1F1FD_1F1F0","🇽🇰|unicode|premium","broad_unicode","ready","true","uuigww-telegram_emoji_for_llm"
"5442769745050871204","unicode_1F987","🦇","unicode_variant","restrictedemoji","RestrictedEmoji","🦇|unicode_1F987","🦇|unicode|premium","broad_unicode","ready","true","uuigww-telegram_emoji_for_llm"
"5442808872202942144","unicode_1F1E6_1F1F1","🇦🇱","unicode_variant","restrictedemoji","RestrictedEmoji","🇦🇱|unicode_1F1E6_1F1F1","🇦🇱|unicode|premium","broad_unicode","ready","true","uuigww-telegram_emoji_for_llm"
"5442983582882601962","unicode_1F5FF","🗿","unicode_variant","restrictedemoji","RestrictedEmoji","🗿|unicode_1F5FF","🗿|unicode|premium","broad_unicode","ready","true","uuigww-telegram_emoji_for_llm"
"5443038326535759644","chat","💬","news_status","animated_news_emoji","NewsEmoji","chat","chat|💬","catalogued","ready","true","zulut30-premium-telegram-emoji"
"5443067545198277083","unicode_1F1FB_1F1E6","🇻🇦","unicode_variant","restrictedemoji","RestrictedEmoji","🇻🇦|unicode_1F1FB_1F1E6","🇻🇦|unicode|premium","broad_unicode","ready","true","uuigww-telegram_emoji_for_llm"
"5444893443169983691","unicode_1F693","🚓","unicode_variant","restrictedemoji","RestrictedEmoji","🚓|unicode_1F693","🚓|unicode|premium","broad_unicode","ready","true","uuigww-telegram_emoji_for_llm"
"5445015510435502457","unicode_1F695","🚕","unicode_variant","restrictedemoji","RestrictedEmoji","🚕|unicode_1F695","🚕|unicode|premium","broad_unicode","ready","true","uuigww-telegram_emoji_for_llm"
"5445060431498451052","unicode_1F6F7","🛷","unicode_variant","restrictedemoji","RestrictedEmoji","🛷|unicode_1F6F7","🛷|unicode|premium","broad_unicode","ready","true","uuigww-telegram_emoji_for_llm"
"5445085952194124000","unicode_1F697","🚗","unicode_variant","restrictedemoji","RestrictedEmoji","🚗|unicode_1F697","🚗|unicode|premium","broad_unicode","ready","true","uuigww-telegram_emoji_for_llm"
"5445096582238181549","unicode_1F98B","🦋","unicode_variant","restrictedemoji","RestrictedEmoji","🦋|unicode_1F98B","🦋|unicode|premium","broad_unicode","ready","true","uuigww-telegram_emoji_for_llm"
"5445146051671497117","unicode_1F989","🦉","unicode_variant","restrictedemoji","RestrictedEmoji","🦉|unicode_1F989","🦉|unicode|premium","broad_unicode","ready","true","uuigww-telegram_emoji_for_llm"
"5445149053853637789","unicode_1F577","🕷","unicode_variant","restrictedemoji","RestrictedEmoji","🕷|unicode_1F577","🕷|unicode|premium","broad_unicode","ready","true","uuigww-telegram_emoji_for_llm"
"5445188473063480079","unicode_1F691","🚑","unicode_variant","restrictedemoji","RestrictedEmoji","🚑|unicode_1F691","🚑|unicode|premium","broad_unicode","ready","true","uuigww-telegram_emoji_for_llm"
"5445284980978621387","unicode_1F680","🚀","unicode_variant","restrictedemoji","RestrictedEmoji","🚀|unicode_1F680","🚀|unicode|premium","broad_unicode","ready","true","uuigww-telegram_emoji_for_llm"
"5445388468215619925","unicode_1F578","🕸","unicode_variant","restrictedemoji","RestrictedEmoji","🕸|unicode_1F578","🕸|unicode|premium","broad_unicode","ready","true","uuigww-telegram_emoji_for_llm"
"5445397693805373887","unicode_1FAB2","🪲","unicode_variant","restrictedemoji","RestrictedEmoji","🪲|unicode_1FAB2","🪲|unicode|premium","broad_unicode","ready","true","uuigww-telegram_emoji_for_llm"
"5447111931217324976","unicode_1F1EC_1F1F6","🇬🇶","unicode_variant","restrictedemoji","RestrictedEmoji","🇬🇶|unicode_1F1EC_1F1F6","🇬🇶|unicode|premium","broad_unicode","ready","true","uuigww-telegram_emoji_for_llm"
"5447147987467788070","unicode_1FA85","🪅","unicode_variant","restrictedemoji","RestrictedEmoji","🪅|unicode_1FA85","🪅|unicode|premium","broad_unicode","ready","true","uuigww-telegram_emoji_for_llm"
"5447183459602669338","chart_down","📉","news_status","animated_news_emoji","NewsEmoji","chart_down","chart|down|📉","catalogued","ready","true","zulut30-premium-telegram-emoji"
"5447309366568953338","unicode_1F1FA_1F1E6","🇺🇦","unicode_variant","restrictedemoji","RestrictedEmoji","🇺🇦|unicode_1F1FA_1F1E6","🇺🇦|unicode|premium","broad_unicode","ready","true","uuigww-telegram_emoji_for_llm"
"5447410659077661506","internet","🌐","news_status","animated_news_emoji","NewsEmoji","internet","internet|🌐","catalogued","ready","true","zulut30-premium-telegram-emoji"
"5447419223242449630","unicode_1F1EE_1F1F3","🇮🇳","unicode_variant","restrictedemoji","RestrictedEmoji","🇮🇳|unicode_1F1EE_1F1F3","🇮🇳|unicode|premium","broad_unicode","ready","true","uuigww-telegram_emoji_for_llm"
"5447506874935030757","unicode_1F6BC","🚼","unicode_variant","restrictedemoji","RestrictedEmoji","🚼|unicode_1F6BC","🚼|unicode|premium","broad_unicode","ready","true","uuigww-telegram_emoji_for_llm"
"5447563186251260965","mirage","🗺","gaming","","","mirage","mirage|🗺","catalogued","ready","true","zulut30-premium-telegram-emoji"
"5447644880824181073","warning_yellow","⚠️","news_status","animated_news_emoji","NewsEmoji","warning_yellow","warning|yellow|⚠️","catalogued","ready","true","zulut30-premium-telegram-emoji"
"5449366943666543715","unicode_1F49B","💛","unicode_variant","restrictedemoji","RestrictedEmoji","💛|unicode_1F49B","💛|unicode|premium","broad_unicode","ready","true","uuigww-telegram_emoji_for_llm"
"5449372007432985754","unicode_1F334","🌴","unicode_variant","restrictedemoji","RestrictedEmoji","🌴|unicode_1F334","🌴|unicode|premium","broad_unicode","ready","true","uuigww-telegram_emoji_for_llm"
"5449380056201697322","unicode_1F49A","💚","unicode_variant","restrictedemoji","RestrictedEmoji","💚|unicode_1F49A","💚|unicode|premium","broad_unicode","ready","true","uuigww-telegram_emoji_for_llm"
"5449394813709327952","unicode_2764_FE0F_200D_1F525","❤️‍🔥","unicode_variant","restrictedemoji","RestrictedEmoji","❤️‍🔥|unicode_2764_FE0F_200D_1F525","❤️‍🔥|unicode|premium","broad_unicode","ready","true","uuigww-telegram_emoji_for_llm"
"5449405314904369668","unicode_1F1F5_1F1F8","🇵🇸","unicode_variant","restrictedemoji","RestrictedEmoji","🇵🇸|unicode_1F1F5_1F1F8","🇵🇸|unicode|premium","broad_unicode","ready","true","uuigww-telegram_emoji_for_llm"
"5449408995691341691","unicode_1F1F7_1F1FA","🇷🇺","unicode_variant","restrictedemoji","RestrictedEmoji","🇷🇺|unicode_1F1F7_1F1FA","🇷🇺|unicode|premium","broad_unicode","ready","true","uuigww-telegram_emoji_for_llm"
"5449428597922079323","unicode_1F9F0","🧰","unicode_variant","restrictedemoji","RestrictedEmoji","🧰|unicode_1F9F0","🧰|unicode|premium","broad_unicode","ready","true","uuigww-telegram_emoji_for_llm"
"5449455694870748968","unicode_1F493","💓","unicode_variant","restrictedemoji","RestrictedEmoji","💓|unicode_1F493","💓|unicode|premium","broad_unicode","ready","true","uuigww-telegram_emoji_for_llm"
"5449468596952507859","unicode_1F49C","💜","unicode_variant","restrictedemoji","RestrictedEmoji","💜|unicode_1F49C","💜|unicode|premium","broad_unicode","ready","true","uuigww-telegram_emoji_for_llm"
"5449495646656537594","unicode_1F1E6_1F1EA","🇦🇪","unicode_variant","restrictedemoji","RestrictedEmoji","🇦🇪|unicode_1F1E6_1F1EA","🇦🇪|unicode|premium","broad_unicode","ready","true","uuigww-telegram_emoji_for_llm"
"5449505950283078474","unicode_2764_FE0F","❤️","unicode_variant","restrictedemoji","RestrictedEmoji","❤️|unicode_2764_FE0F","❤️|unicode|premium|iran|persian|ایران|فارسی|نوروز|یلدا","broad_unicode|iran_culture_palette|persian_ui","ready","true","uuigww-telegram_emoji_for_llm"
"5449523005598210324","unicode_1F332","🌲","unicode_variant","restrictedemoji","RestrictedEmoji","🌲|unicode_1F332","🌲|unicode|premium","broad_unicode","ready","true","uuigww-telegram_emoji_for_llm"
"5449565637443593864","unicode_1F99C","🦜","unicode_variant","restrictedemoji","RestrictedEmoji","🦜|unicode_1F99C","🦜|unicode|premium","broad_unicode","ready","true","uuigww-telegram_emoji_for_llm"
"5449599833973203438","unicode_1F9E1","🧡","unicode_variant","restrictedemoji","RestrictedEmoji","🧡|unicode_1F9E1","🧡|unicode|premium","broad_unicode","ready","true","uuigww-telegram_emoji_for_llm"
"5449683594425410231","chart_up","📈","news_status","animated_news_emoji","NewsEmoji","chart_up","chart|up|📈","catalogued","ready","true","zulut30-premium-telegram-emoji"
"5449692618151695997","unicode_1F5A4","🖤","unicode_variant","restrictedemoji","RestrictedEmoji","🖤|unicode_1F5A4","🖤|unicode|premium","broad_unicode","ready","true","uuigww-telegram_emoji_for_llm"
"5449723275628259037","unicode_1F1EE_1F1F9","🇮🇹","unicode_variant","restrictedemoji","RestrictedEmoji","🇮🇹|unicode_1F1EE_1F1F9","🇮🇹|unicode|premium","broad_unicode","ready","true","uuigww-telegram_emoji_for_llm"
"5449727072379346350","unicode_1F90E","🤎","unicode_variant","restrictedemoji","RestrictedEmoji","🤎|unicode_1F90E","🤎|unicode|premium","broad_unicode","ready","true","uuigww-telegram_emoji_for_llm"
"5449727858358374321","iphone","🧿","brands_apps","apple","","iphone","iphone|🧿","catalogued","ready","true","zulut30-premium-telegram-emoji"
"5449737629408975897","unicode_1F38F","🎏","unicode_variant","restrictedemoji","RestrictedEmoji","🎏|unicode_1F38F","🎏|unicode|premium","broad_unicode","ready","true","uuigww-telegram_emoji_for_llm"
"5449759615346548186","unicode_1F499","💙","unicode_variant","restrictedemoji","RestrictedEmoji","💙|unicode_1F499","💙|unicode|premium","broad_unicode","ready","true","uuigww-telegram_emoji_for_llm"
"5449820402018688838","unicode_1F335","🌵","unicode_variant","restrictedemoji","RestrictedEmoji","🌵|unicode_1F335","🌵|unicode|premium","broad_unicode","ready","true","uuigww-telegram_emoji_for_llm"
"5449829434334912605","unicode_1F1FA_1F1FF","🇺🇿","unicode_variant","restrictedemoji","RestrictedEmoji","🇺🇿|unicode_1F1FA_1F1FF","🇺🇿|unicode|premium","broad_unicode","ready","true","uuigww-telegram_emoji_for_llm"
"5449850741667668411","unicode_1F33F","🌿","unicode_variant","restrictedemoji","RestrictedEmoji","🌿|unicode_1F33F","🌿|unicode|premium","broad_unicode","ready","true","uuigww-telegram_emoji_for_llm"
"5449857802593901902","unicode_1F384","🎄","unicode_variant","restrictedemoji","RestrictedEmoji","🎄|unicode_1F384","🎄|unicode|premium","broad_unicode","ready","true","uuigww-telegram_emoji_for_llm"
"5449875686837726134","fake_news","🤥","news_status","animated_news_emoji","NewsEmoji","fake_news","fake|news|🤥","catalogued","ready","true","zulut30-premium-telegram-emoji"
"5449885771420934013","unicode_1F331","🌱","unicode_variant","restrictedemoji","RestrictedEmoji","🌱|unicode_1F331","🌱|unicode|premium|iran|persian|ایران|فارسی|نوروز|یلدا","broad_unicode|iran_culture_palette|persian_ui","ready","true","uuigww-telegram_emoji_for_llm"
"5449918202718985124","unicode_1F333","🌳","unicode_variant","restrictedemoji","RestrictedEmoji","🌳|unicode_1F333","🌳|unicode|premium","broad_unicode","ready","true","uuigww-telegram_emoji_for_llm"
"5451609943092239685","unicode_1F49E","💞","unicode_variant","restrictedemoji","RestrictedEmoji","💞|unicode_1F49E","💞|unicode|premium","broad_unicode","ready","true","uuigww-telegram_emoji_for_llm"
"5451646226975955576","unicode_231B_FE0F","⌛️","unicode_variant","restrictedemoji","RestrictedEmoji","⌛️|unicode_231B_FE0F","⌛️|unicode|premium","broad_unicode","ready","true","uuigww-telegram_emoji_for_llm"
"5451714942157724312","unicode_1F90D","🤍","unicode_variant","restrictedemoji","RestrictedEmoji","🤍|unicode_1F90D","🤍|unicode|premium","broad_unicode","ready","true","uuigww-telegram_emoji_for_llm"
"5451732530048802485","unicode_23F3","⏳","unicode_variant","restrictedemoji","RestrictedEmoji","⏳|unicode_23F3","⏳|unicode|premium","broad_unicode","ready","true","uuigww-telegram_emoji_for_llm"
"5451745243151997382","unicode_1F497","💗","unicode_variant","restrictedemoji","RestrictedEmoji","💗|unicode_1F497","💗|unicode|premium","broad_unicode","ready","true","uuigww-telegram_emoji_for_llm"
"5451882707875276247","stock_chart","📈","news_status","animated_news_emoji","NewsEmoji","stock_chart","stock|chart|📈","catalogued","ready","true","zulut30-premium-telegram-emoji"
"5451959871257713464","unicode_1F4A4","💤","unicode_variant","restrictedemoji","RestrictedEmoji","💤|unicode_1F4A4","💤|unicode|premium","broad_unicode","ready","true","uuigww-telegram_emoji_for_llm"
"5452140079495518256","unicode_1F498","💘","unicode_variant","restrictedemoji","RestrictedEmoji","💘|unicode_1F498","💘|unicode|premium","broad_unicode","ready","true","uuigww-telegram_emoji_for_llm"
"5453884806880315764","unicode_1F1FB_1F1EC","🇻🇬","unicode_variant","restrictedemoji","RestrictedEmoji","🇻🇬|unicode_1F1FB_1F1EC","🇻🇬|unicode|premium","broad_unicode","ready","true","uuigww-telegram_emoji_for_llm"
"5454038304716504375","unicode_1F1F2_1F1F8","🇲🇸","unicode_variant","restrictedemoji","RestrictedEmoji","🇲🇸|unicode_1F1F2_1F1F8","🇲🇸|unicode|premium","broad_unicode","ready","true","uuigww-telegram_emoji_for_llm"
"5454045923988488117","unicode_1F1F9_1F1E8","🇹🇨","unicode_variant","restrictedemoji","RestrictedEmoji","🇹🇨|unicode_1F1F9_1F1E8","🇹🇨|unicode|premium","broad_unicode","ready","true","uuigww-telegram_emoji_for_llm"
"5454076894997659542","unicode_1F1F8_1F1ED","🇸🇭","unicode_variant","restrictedemoji","RestrictedEmoji","🇸🇭|unicode_1F1F8_1F1ED","🇸🇭|unicode|premium","broad_unicode","ready","true","uuigww-telegram_emoji_for_llm"
"5454096630372379732","unicode_2611_FE0F","☑️","unicode_variant","restrictedemoji","RestrictedEmoji","☑️|unicode_2611_FE0F","☑️|unicode|premium","broad_unicode","ready","true","uuigww-telegram_emoji_for_llm"
"5454172415070315962","unicode_1F397","🎗","unicode_variant","restrictedemoji","RestrictedEmoji","🎗|unicode_1F397","🎗|unicode|premium","broad_unicode","ready","true","uuigww-telegram_emoji_for_llm"
"5454177075109839093","unicode_1F1F0_1F1FE","🇰🇾","unicode_variant","restrictedemoji","RestrictedEmoji","🇰🇾|unicode_1F1F0_1F1FE","🇰🇾|unicode|premium","broad_unicode","ready","true","uuigww-telegram_emoji_for_llm"
"5454179609140544421","unicode_1F1E7_1F1F2","🇧🇲","unicode_variant","restrictedemoji","RestrictedEmoji","🇧🇲|unicode_1F1E7_1F1F2","🇧🇲|unicode|premium","broad_unicode","ready","true","uuigww-telegram_emoji_for_llm"
"5454181382962036548","unicode_1F1F5_1F1F3","🇵🇳","unicode_variant","restrictedemoji","RestrictedEmoji","🇵🇳|unicode_1F1F5_1F1F3","🇵🇳|unicode|premium","broad_unicode","ready","true","uuigww-telegram_emoji_for_llm"
"5454192094610473874","unicode_1F1E8_1F1F0","🇨🇰","unicode_variant","restrictedemoji","RestrictedEmoji","🇨🇰|unicode_1F1E8_1F1F0","🇨🇰|unicode|premium","broad_unicode","ready","true","uuigww-telegram_emoji_for_llm"
"5454199713882449973","unicode_1F403","🐃","unicode_variant","restrictedemoji","RestrictedEmoji","🐃|unicode_1F403","🐃|unicode|premium","broad_unicode","ready","true","uuigww-telegram_emoji_for_llm"
"5454214681843481342","unicode_1F1EB_1F1F0","🇫🇰","unicode_variant","restrictedemoji","RestrictedEmoji","🇫🇰|unicode_1F1EB_1F1F0","🇫🇰|unicode|premium","broad_unicode","ready","true","uuigww-telegram_emoji_for_llm"
"5454219968948229067","unicode_1F5FD","🗽","unicode_variant","restrictedemoji","RestrictedEmoji","🗽|unicode_1F5FD","🗽|unicode|premium","broad_unicode","ready","true","uuigww-telegram_emoji_for_llm"
"5454237677098384174","unicode_1F1E6_1F1EE","🇦🇮","unicode_variant","restrictedemoji","RestrictedEmoji","🇦🇮|unicode_1F1E6_1F1EE","🇦🇮|unicode|premium","broad_unicode","ready","true","uuigww-telegram_emoji_for_llm"
"5454251094576218954","unicode_1F1F3_1F1FA","🇳🇺","unicode_variant","restrictedemoji","RestrictedEmoji","🇳🇺|unicode_1F1F3_1F1FA","🇳🇺|unicode|premium","broad_unicode","ready","true","uuigww-telegram_emoji_for_llm"
"5454304115947487098","unicode_1F1F9_1F1FB","🇹🇻","unicode_variant","restrictedemoji","RestrictedEmoji","🇹🇻|unicode_1F1F9_1F1FB","🇹🇻|unicode|premium","broad_unicode","ready","true","uuigww-telegram_emoji_for_llm"
"5454336104863908516","unicode_1F1EB_1F1EF","🇫🇯","unicode_variant","restrictedemoji","RestrictedEmoji","🇫🇯|unicode_1F1EB_1F1EF","🇫🇯|unicode|premium","broad_unicode","ready","true","uuigww-telegram_emoji_for_llm"
"5454388756867986435","unicode_1F3F5","🏵","unicode_variant","restrictedemoji","RestrictedEmoji","🏵|unicode_1F3F5","🏵|unicode|premium","broad_unicode","ready","true","uuigww-telegram_emoji_for_llm"
"5454396500694024535","unicode_1F1EC_1F1F8","🇬🇸","unicode_variant","restrictedemoji","RestrictedEmoji","🇬🇸|unicode_1F1EC_1F1F8","🇬🇸|unicode|premium","broad_unicode","ready","true","uuigww-telegram_emoji_for_llm"
"5454408067040952538","unicode_1F1EE_1F1F4","🇮🇴","unicode_variant","restrictedemoji","RestrictedEmoji","🇮🇴|unicode_1F1EE_1F1F4","🇮🇴|unicode|premium","broad_unicode","ready","true","uuigww-telegram_emoji_for_llm"
"5456140674028019486","breaking","🚨","news_status","animated_news_emoji","NewsEmoji","breaking","breaking|🚨","catalogued","ready","true","zulut30-premium-telegram-emoji"
"5456261908069885892","unicode_1F1EF_1F1F5","🇯🇵","unicode_variant","restrictedemoji","RestrictedEmoji","🇯🇵|unicode_1F1EF_1F1F5","🇯🇵|unicode|premium","broad_unicode","ready","true","uuigww-telegram_emoji_for_llm"
"5456531898304047227","unicode_1F1F0_1F1F7","🇰🇷","unicode_variant","restrictedemoji","RestrictedEmoji","🇰🇷|unicode_1F1F0_1F1F7","🇰🇷|unicode|premium","broad_unicode","ready","true","uuigww-telegram_emoji_for_llm"
"5458535642281552190","unicode_1F1F8_1F1F8","🇸🇸","unicode_variant","restrictedemoji","RestrictedEmoji","🇸🇸|unicode_1F1F8_1F1F8","🇸🇸|unicode|premium","broad_unicode","ready","true","uuigww-telegram_emoji_for_llm"
"5458586718032634511","unicode_1F1E9_1F1EF","🇩🇯","unicode_variant","restrictedemoji","RestrictedEmoji","🇩🇯|unicode_1F1E9_1F1EF","🇩🇯|unicode|premium","broad_unicode","ready","true","uuigww-telegram_emoji_for_llm"
"5458603043203327669","bell","🔔","news_status","animated_news_emoji","NewsEmoji","bell","bell|🔔","catalogued","ready","true","zulut30-premium-telegram-emoji"
"5458799228719472718","unicode_1F31F","🌟","unicode_variant","restrictedemoji","RestrictedEmoji","🌟|unicode_1F31F","🌟|unicode|premium","broad_unicode","ready","true","uuigww-telegram_emoji_for_llm"
"5460664743469525674","unicode_1F99D","🦝","unicode_variant","restrictedemoji","RestrictedEmoji","🦝|unicode_1F99D","🦝|unicode|premium","broad_unicode","ready","true","uuigww-telegram_emoji_for_llm"
"5460712963067362896","unicode_1FAB3","🪳","unicode_variant","restrictedemoji","RestrictedEmoji","🪳|unicode_1FAB3","🪳|unicode|premium","broad_unicode","ready","true","uuigww-telegram_emoji_for_llm"
"5460755126761312667","red_flag","🚩","news_status","animated_news_emoji","NewsEmoji","red_flag","red|flag|🚩","catalogued","ready","true","zulut30-premium-telegram-emoji"
"5460795800101594035","quote","💬","news_status","animated_news_emoji","NewsEmoji","quote","quote|💬","catalogued","ready","true","zulut30-premium-telegram-emoji"
"5460834231468959552","unicode_1F1EF_1F1F4","🇯🇴","unicode_variant","restrictedemoji","RestrictedEmoji","🇯🇴|unicode_1F1EF_1F1F4","🇯🇴|unicode|premium","broad_unicode","ready","true","uuigww-telegram_emoji_for_llm"
"5460873384390830669","unicode_1F996","🦖","unicode_variant","restrictedemoji","RestrictedEmoji","🦖|unicode_1F996","🦖|unicode|premium","broad_unicode","ready","true","uuigww-telegram_emoji_for_llm"
"5460873607729129032","unicode_1F1F5_1F1ED","🇵🇭","unicode_variant","restrictedemoji","RestrictedEmoji","🇵🇭|unicode_1F1F5_1F1ED","🇵🇭|unicode|premium","broad_unicode","ready","true","uuigww-telegram_emoji_for_llm"
"5460997861133014656","ipad","🌟","brands_apps","apple","","ipad","ipad|🌟","catalogued","ready","true","zulut30-premium-telegram-emoji"
"5460999037954042754","unicode_1F407","🐇","unicode_variant","restrictedemoji","RestrictedEmoji","🐇|unicode_1F407","🐇|unicode|premium","broad_unicode","ready","true","uuigww-telegram_emoji_for_llm"
"5461044878139991881","unicode_1F98D","🦍","unicode_variant","restrictedemoji","RestrictedEmoji","🦍|unicode_1F98D","🦍|unicode|premium","broad_unicode","ready","true","uuigww-telegram_emoji_for_llm"
"5461113820955027461","unicode_1F1F8_1F1FD","🇸🇽","unicode_variant","restrictedemoji","RestrictedEmoji","🇸🇽|unicode_1F1F8_1F1FD","🇸🇽|unicode|premium","broad_unicode","ready","true","uuigww-telegram_emoji_for_llm"
"5461115427272796310","unicode_1F995","🦕","unicode_variant","restrictedemoji","RestrictedEmoji","🦕|unicode_1F995","🦕|unicode|premium","broad_unicode","ready","true","uuigww-telegram_emoji_for_llm"
"5463198533656001605","cache","🗺","gaming","","","cache","cache|🗺","catalogued","ready","true","zulut30-premium-telegram-emoji"
"5465132703458270101","unicode_1F5EF","🗯","unicode_variant","restrictedemoji","RestrictedEmoji","🗯|unicode_1F5EF","🗯|unicode|premium","broad_unicode","ready","true","uuigww-telegram_emoji_for_llm"
"5465143921912846619","unicode_1F4AD","💭","unicode_variant","restrictedemoji","RestrictedEmoji","💭|unicode_1F4AD","💭|unicode|premium","broad_unicode","ready","true","uuigww-telegram_emoji_for_llm"
"5465169893580086142","unicode_260E_FE0F","☎️","unicode_variant","restrictedemoji","RestrictedEmoji","☎️|unicode_260E_FE0F","☎️|unicode|premium","broad_unicode","ready","true","uuigww-telegram_emoji_for_llm"
"5465226866321268133","unicode_1F3E0","🏠","unicode_variant","restrictedemoji","RestrictedEmoji","🏠|unicode_1F3E0","🏠|unicode|premium","broad_unicode","ready","true","uuigww-telegram_emoji_for_llm"
"5465250832238803903","unicode_1FA97","🪗","unicode_variant","restrictedemoji","RestrictedEmoji","🪗|unicode_1FA97","🪗|unicode|premium","broad_unicode","ready","true","uuigww-telegram_emoji_for_llm"
"5465263910414195580","unicode_1F49D","💝","unicode_variant","restrictedemoji","RestrictedEmoji","💝|unicode_1F49D","💝|unicode|premium","broad_unicode","ready","true","uuigww-telegram_emoji_for_llm"
"5465271641355350028","unicode_1F38D","🎍","unicode_variant","restrictedemoji","RestrictedEmoji","🎍|unicode_1F38D","🎍|unicode|premium","broad_unicode","ready","true","uuigww-telegram_emoji_for_llm"
"5465293043177388397","unicode_1F941","🥁","unicode_variant","restrictedemoji","RestrictedEmoji","🥁|unicode_1F941","🥁|unicode|premium","broad_unicode","ready","true","uuigww-telegram_emoji_for_llm"
"5465300082628763143","unicode_1F4AC","💬","unicode_variant","restrictedemoji","RestrictedEmoji","💬|unicode_1F4AC","💬|unicode|premium","broad_unicode","ready","true","uuigww-telegram_emoji_for_llm"
"5465374681915727405","unicode_1F31A","🌚","unicode_variant","restrictedemoji","RestrictedEmoji","🌚|unicode_1F31A","🌚|unicode|premium","broad_unicode","ready","true","uuigww-telegram_emoji_for_llm"
"5465432711218863135","unicode_2668_FE0F","♨️","unicode_variant","restrictedemoji","RestrictedEmoji","♨️|unicode_2668_FE0F","♨️|unicode|premium","broad_unicode","ready","true","uuigww-telegram_emoji_for_llm"
"5465449362807070392","unicode_1F435","🐵","unicode_variant","restrictedemoji","RestrictedEmoji","🐵|unicode_1F435","🐵|unicode|premium","broad_unicode","ready","true","uuigww-telegram_emoji_for_llm"
"5465507121527266133","unicode_1F649","🙉","unicode_variant","restrictedemoji","RestrictedEmoji","🙉|unicode_1F649","🙉|unicode|premium","broad_unicode","ready","true","uuigww-telegram_emoji_for_llm"
"5465511459444235288","unicode_1F495","💕","unicode_variant","restrictedemoji","RestrictedEmoji","💕|unicode_1F495","💕|unicode|premium","broad_unicode","ready","true","uuigww-telegram_emoji_for_llm"
"5465540480538254161","unicode_1F496","💖","unicode_variant","restrictedemoji","RestrictedEmoji","💖|unicode_1F496","💖|unicode|premium","broad_unicode","ready","true","uuigww-telegram_emoji_for_llm"
"5465643984955120548","unicode_1F31B","🌛","unicode_variant","restrictedemoji","RestrictedEmoji","🌛|unicode_1F31B","🌛|unicode|premium","broad_unicode","ready","true","uuigww-telegram_emoji_for_llm"
"5465665476971471368","unicode_274C","❌","unicode_variant","restrictedemoji","RestrictedEmoji","❌|unicode_274C","❌|unicode|premium","broad_unicode","ready","true","uuigww-telegram_emoji_for_llm"
"5465665777619204788","unicode_1F3B8","🎸","unicode_variant","restrictedemoji","RestrictedEmoji","🎸|unicode_1F3B8","🎸|unicode|premium","broad_unicode","ready","true","uuigww-telegram_emoji_for_llm"
"5467370583282950466","unicode_1F648","🙈","unicode_variant","restrictedemoji","RestrictedEmoji","🙈|unicode_1F648","🙈|unicode|premium","broad_unicode","ready","true","uuigww-telegram_emoji_for_llm"
"5467387526928931399","unicode_1F31D","🌝","unicode_variant","restrictedemoji","RestrictedEmoji","🌝|unicode_1F31D","🌝|unicode|premium","broad_unicode","ready","true","uuigww-telegram_emoji_for_llm"
"5467396563540131322","unicode_1F1FB_1F1E8","🇻🇨","unicode_variant","restrictedemoji","RestrictedEmoji","🇻🇨|unicode_1F1FB_1F1E8","🇻🇨|unicode|premium","broad_unicode","ready","true","uuigww-telegram_emoji_for_llm"
"5467398680959023683","unicode_1F3B9","🎹","unicode_variant","restrictedemoji","RestrictedEmoji","🎹|unicode_1F3B9","🎹|unicode|premium","broad_unicode","ready","true","uuigww-telegram_emoji_for_llm"
"5467406098367521267","unicode_1F451","👑","unicode_variant","restrictedemoji","RestrictedEmoji","👑|unicode_1F451","👑|unicode|premium","broad_unicode","ready","true","uuigww-telegram_emoji_for_llm"
"5467415349727083629","unicode_1F1E7_1F1F3","🇧🇳","unicode_variant","restrictedemoji","RestrictedEmoji","🇧🇳|unicode_1F1E7_1F1F3","🇧🇳|unicode|premium","broad_unicode","ready","true","uuigww-telegram_emoji_for_llm"
"5467450310760874001","unicode_1F1F5_1F1EB","🇵🇫","unicode_variant","restrictedemoji","RestrictedEmoji","🇵🇫|unicode_1F1F5_1F1EB","🇵🇫|unicode|premium","broad_unicode","ready","true","uuigww-telegram_emoji_for_llm"
"5467461928647399673","unicode_2754","❔","unicode_variant","restrictedemoji","RestrictedEmoji","❔|unicode_2754","❔|unicode|premium","broad_unicode","ready","true","uuigww-telegram_emoji_for_llm"
"5467480195143310096","unicode_1F3A9","🎩","unicode_variant","restrictedemoji","RestrictedEmoji","🎩|unicode_1F3A9","🎩|unicode|premium","broad_unicode","ready","true","uuigww-telegram_emoji_for_llm"
"5467490150877508877","unicode_1F1F9_1F1F4","🇹🇴","unicode_variant","restrictedemoji","RestrictedEmoji","🇹🇴|unicode_1F1F9_1F1F4","🇹🇴|unicode|premium","broad_unicode","ready","true","uuigww-telegram_emoji_for_llm"
"5467491306223730835","unicode_1F344","🍄","unicode_variant","restrictedemoji","RestrictedEmoji","🍄|unicode_1F344","🍄|unicode|premium","broad_unicode","ready","true","uuigww-telegram_emoji_for_llm"
"5467519850576354798","unicode_2755","❕","unicode_variant","restrictedemoji","RestrictedEmoji","❕|unicode_2755","❕|unicode|premium","broad_unicode","ready","true","uuigww-telegram_emoji_for_llm"
"5467522887118257234","unicode_1F3BA","🎺","unicode_variant","restrictedemoji","RestrictedEmoji","🎺|unicode_1F3BA","🎺|unicode|premium","broad_unicode","ready","true","uuigww-telegram_emoji_for_llm"
"5467524222853071645","unicode_1F1F8_1F1F7","🇸🇷","unicode_variant","restrictedemoji","RestrictedEmoji","🇸🇷|unicode_1F1F8_1F1F7","🇸🇷|unicode|premium","broad_unicode","ready","true","uuigww-telegram_emoji_for_llm"
"5467538555158943525","cloud_text","💬","news_status","animated_news_emoji","NewsEmoji","cloud_text","cloud|text|💬","catalogued","ready","true","zulut30-premium-telegram-emoji"
"5467539229468793355","unicode_1F4DE","📞","unicode_variant","restrictedemoji","RestrictedEmoji","📞|unicode_1F4DE","📞|unicode|premium","broad_unicode","ready","true","uuigww-telegram_emoji_for_llm"
"5467550297599516219","unicode_1F64A","🙊","unicode_variant","restrictedemoji","RestrictedEmoji","🙊|unicode_1F64A","🙊|unicode|premium","broad_unicode","ready","true","uuigww-telegram_emoji_for_llm"
"5467583879948803288","unicode_1F3AE","🎮","unicode_variant","restrictedemoji","RestrictedEmoji","🎮|unicode_1F3AE","🎮|unicode|premium","broad_unicode","ready","true","uuigww-telegram_emoji_for_llm"
"5467584111877056662","windows","🤩","brands_apps","microsoft","","windows","windows|🤩","catalogued","ready","true","zulut30-premium-telegram-emoji"
"5467596412663372909","unicode_2049_FE0F","⁉️","unicode_variant","restrictedemoji","RestrictedEmoji","⁉️|unicode_2049_FE0F","⁉️|unicode|premium","broad_unicode","ready","true","uuigww-telegram_emoji_for_llm"
"5467597172872584200","unicode_1F31E","🌞","unicode_variant","restrictedemoji","RestrictedEmoji","🌞|unicode_1F31E","🌞|unicode|premium","broad_unicode","ready","true","uuigww-telegram_emoji_for_llm"
"5467646199924291236","unicode_1FA88","🪈","unicode_variant","restrictedemoji","RestrictedEmoji","🪈|unicode_1FA88","🪈|unicode|premium","broad_unicode","ready","true","uuigww-telegram_emoji_for_llm"
"5467664243081886165","unicode_1F1EC_1F1F5","🇬🇵","unicode_variant","restrictedemoji","RestrictedEmoji","🇬🇵|unicode_1F1EC_1F1F5","🇬🇵|unicode|premium","broad_unicode","ready","true","uuigww-telegram_emoji_for_llm"
"5467666648263564704","unicode_2753","❓","unicode_variant","restrictedemoji","RestrictedEmoji","❓|unicode_2753","❓|unicode|premium","broad_unicode","ready","true","uuigww-telegram_emoji_for_llm"
"5467780911573514412","unicode_1F1FE_1F1F9","🇾🇹","unicode_variant","restrictedemoji","RestrictedEmoji","🇾🇹|unicode_1F1FE_1F1F9","🇾🇹|unicode|premium","broad_unicode","ready","true","uuigww-telegram_emoji_for_llm"
"5467787680441976258","unicode_1F1EC_1F1E9","🇬🇩","unicode_variant","restrictedemoji","RestrictedEmoji","🇬🇩|unicode_1F1EC_1F1E9","🇬🇩|unicode|premium","broad_unicode","ready","true","uuigww-telegram_emoji_for_llm"
"5467793203769933478","unicode_1F3B7","🎷","unicode_variant","restrictedemoji","RestrictedEmoji","🎷|unicode_1F3B7","🎷|unicode|premium","broad_unicode","ready","true","uuigww-telegram_emoji_for_llm"
"5467797026290809748","unicode_1F1E8_1F1FD","🇨🇽","unicode_variant","restrictedemoji","RestrictedEmoji","🇨🇽|unicode_1F1E8_1F1FD","🇨🇽|unicode|premium","broad_unicode","ready","true","uuigww-telegram_emoji_for_llm"
"5467809962732297829","nvidia","🎮","ai","","","nvidia","nvidia|🎮","catalogued","ready","true","zulut30-premium-telegram-emoji"
"5467839726855666731","unicode_1F1E6_1F1FD","🇦🇽","unicode_variant","restrictedemoji","RestrictedEmoji","🇦🇽|unicode_1F1E6_1F1FD","🇦🇽|unicode|premium","broad_unicode","ready","true","uuigww-telegram_emoji_for_llm"
"5467853243117761295","unicode_1FA95","🪕","unicode_variant","restrictedemoji","RestrictedEmoji","🪕|unicode_1FA95","🪕|unicode|premium","broad_unicode","ready","true","uuigww-telegram_emoji_for_llm"
"5467863456549978285","unicode_1F1E8_1F1E8","🇨🇨","unicode_variant","restrictedemoji","RestrictedEmoji","🇨🇨|unicode_1F1E8_1F1E8","🇨🇨|unicode|premium","broad_unicode","ready","true","uuigww-telegram_emoji_for_llm"
"5467890025217661107","unicode_203C_FE0F","‼️","unicode_variant","restrictedemoji","RestrictedEmoji","‼️|unicode_203C_FE0F","‼️|unicode|premium","broad_unicode","ready","true","uuigww-telegram_emoji_for_llm"
"5467894148386265851","unicode_1F31C","🌜","unicode_variant","restrictedemoji","RestrictedEmoji","🌜|unicode_1F31C","🌜|unicode|premium","broad_unicode","ready","true","uuigww-telegram_emoji_for_llm"
"5467910507916697142","unicode_1F4A2","💢","unicode_variant","restrictedemoji","RestrictedEmoji","💢|unicode_1F4A2","💢|unicode|premium","broad_unicode","ready","true","uuigww-telegram_emoji_for_llm"
"5467918917462688479","unicode_1FA87","🪇","unicode_variant","restrictedemoji","RestrictedEmoji","🪇|unicode_1FA87","🪇|unicode|premium","broad_unicode","ready","true","uuigww-telegram_emoji_for_llm"
"5467919926780001747","unicode_1FA98","🪘","unicode_variant","restrictedemoji","RestrictedEmoji","🪘|unicode_1FA98","🪘|unicode|premium","broad_unicode","ready","true","uuigww-telegram_emoji_for_llm"
"5467928559664242360","unicode_2757_FE0F","❗️","unicode_variant","restrictedemoji","RestrictedEmoji","❗️|unicode_2757_FE0F","❗️|unicode|premium","broad_unicode","ready","true","uuigww-telegram_emoji_for_llm"
"5469645992531862101","unicode_1F64C","🙌","unicode_variant","restrictedemoji","RestrictedEmoji","🙌|unicode_1F64C","🙌|unicode|premium","broad_unicode","ready","true","uuigww-telegram_emoji_for_llm"
"5469654973308476699","unicode_1F4A3","💣","unicode_variant","restrictedemoji","RestrictedEmoji","💣|unicode_1F4A3","💣|unicode|premium","broad_unicode","ready","true","uuigww-telegram_emoji_for_llm"
"5469718869536940860","unicode_1F446","👆","unicode_variant","restrictedemoji","RestrictedEmoji","👆|unicode_1F446","👆|unicode|premium","broad_unicode","ready","true","uuigww-telegram_emoji_for_llm"
"5469724332735340531","unicode_1F91B","🤛","unicode_variant","restrictedemoji","RestrictedEmoji","🤛|unicode_1F91B","🤛|unicode|premium","broad_unicode","ready","true","uuigww-telegram_emoji_for_llm"
"5469735272017043817","unicode_1F448","👈","unicode_variant","restrictedemoji","RestrictedEmoji","👈|unicode_1F448","👈|unicode|premium","broad_unicode","ready","true","uuigww-telegram_emoji_for_llm"
"5469741319330996757","unicode_1F4AB","💫","unicode_variant","restrictedemoji","RestrictedEmoji","💫|unicode_1F4AB","💫|unicode|premium","broad_unicode","ready","true","uuigww-telegram_emoji_for_llm"
"5469759478452722926","unicode_1F365","🍥","unicode_variant","restrictedemoji","RestrictedEmoji","🍥|unicode_1F365","🍥|unicode|premium","broad_unicode","ready","true","uuigww-telegram_emoji_for_llm"
"5469760204302196866","unicode_1F9B7","🦷","unicode_variant","restrictedemoji","RestrictedEmoji","🦷|unicode_1F9B7","🦷|unicode|premium","broad_unicode","ready","true","uuigww-telegram_emoji_for_llm"
"5469770542288478598","unicode_1F44D","👍","unicode_variant","restrictedemoji","RestrictedEmoji","👍|unicode_1F44D","👍|unicode|premium","broad_unicode","ready","true","uuigww-telegram_emoji_for_llm"
"5469774158650942877","unicode_1F919","🤙","unicode_variant","restrictedemoji","RestrictedEmoji","🤙|unicode_1F919","🤙|unicode|premium","broad_unicode","ready","true","uuigww-telegram_emoji_for_llm"
"5469782971923831839","unicode_1F9C3","🧃","unicode_variant","restrictedemoji","RestrictedEmoji","🧃|unicode_1F9C3","🧃|unicode|premium","broad_unicode","ready","true","uuigww-telegram_emoji_for_llm"
"5469785308386041323","unicode_1F4A5","💥","unicode_variant","restrictedemoji","RestrictedEmoji","💥|unicode_1F4A5","💥|unicode|premium","broad_unicode","ready","true","uuigww-telegram_emoji_for_llm"
"5469803287119150148","unicode_1F1F2_1F1ED","🇲🇭","unicode_variant","restrictedemoji","RestrictedEmoji","🇲🇭|unicode_1F1F2_1F1ED","🇲🇭|unicode|premium","broad_unicode","ready","true","uuigww-telegram_emoji_for_llm"
"5469832166479240291","unicode_1F358","🍘","unicode_variant","restrictedemoji","RestrictedEmoji","🍘|unicode_1F358","🍘|unicode|premium","broad_unicode","ready","true","uuigww-telegram_emoji_for_llm"
"5469873690223059497","unicode_1F9B6","🦶","unicode_variant","restrictedemoji","RestrictedEmoji","🦶|unicode_1F9B6","🦶|unicode|premium","broad_unicode","ready","true","uuigww-telegram_emoji_for_llm"
"5469903029144657419","unicode_1F4E3","📣","unicode_variant","restrictedemoji","RestrictedEmoji","📣|unicode_1F4E3","📣|unicode|premium","broad_unicode","ready","true","uuigww-telegram_emoji_for_llm"
"5469904794376217131","unicode_1F91A","🤚","unicode_variant","restrictedemoji","RestrictedEmoji","🤚|unicode_1F91A","🤚|unicode|premium","broad_unicode","ready","true","uuigww-telegram_emoji_for_llm"
"5469909248257317234","unicode_1FA92","🪒","unicode_variant","restrictedemoji","RestrictedEmoji","🪒|unicode_1FA92","🪒|unicode|premium","broad_unicode","ready","true","uuigww-telegram_emoji_for_llm"
"5469913852462242978","unicode_1F9E8","🧨","unicode_variant","restrictedemoji","RestrictedEmoji","🧨|unicode_1F9E8","🧨|unicode|premium","broad_unicode","ready","true","uuigww-telegram_emoji_for_llm"
"5469947168523558652","unicode_2600_FE0F","☀️","unicode_variant","restrictedemoji","RestrictedEmoji","☀️|unicode_2600_FE0F","☀️|unicode|premium","broad_unicode","ready","true","uuigww-telegram_emoji_for_llm"
"5469952197930267656","unicode_1F1FB_1F1FA","🇻🇺","unicode_variant","restrictedemoji","RestrictedEmoji","🇻🇺|unicode_1F1FB_1F1FA","🇻🇺|unicode|premium","broad_unicode","ready","true","uuigww-telegram_emoji_for_llm"
"5469963154391833732","unicode_1F353","🍓","unicode_variant","restrictedemoji","RestrictedEmoji","🍓|unicode_1F353","🍓|unicode|premium","broad_unicode","ready","true","uuigww-telegram_emoji_for_llm"
"5469986291380657759","unicode_270C_FE0F","✌️","unicode_variant","restrictedemoji","RestrictedEmoji","✌️|unicode_270C_FE0F","✌️|unicode|premium","broad_unicode","ready","true","uuigww-telegram_emoji_for_llm"
"5470012829983580233","unicode_1F425","🐥","unicode_variant","restrictedemoji","RestrictedEmoji","🐥|unicode_1F425","🐥|unicode|premium","broad_unicode","ready","true","uuigww-telegram_emoji_for_llm"
"5470028837326691625","unicode_1F595","🖕","unicode_variant","restrictedemoji","RestrictedEmoji","🖕|unicode_1F595","🖕|unicode|premium","broad_unicode","ready","true","uuigww-telegram_emoji_for_llm"
"5470039656349310887","unicode_1F445","👅","unicode_variant","restrictedemoji","RestrictedEmoji","👅|unicode_1F445","👅|unicode|premium","broad_unicode","ready","true","uuigww-telegram_emoji_for_llm"
"5470045239806802915","unicode_1F1F2_1F1F6","🇲🇶","unicode_variant","restrictedemoji","RestrictedEmoji","🇲🇶|unicode_1F1F2_1F1F6","🇲🇶|unicode|premium","broad_unicode","ready","true","uuigww-telegram_emoji_for_llm"
"5470049770997292425","unicode_1F321","🌡","unicode_variant","restrictedemoji","RestrictedEmoji","🌡|unicode_1F321","🌡|unicode|premium","broad_unicode","ready","true","uuigww-telegram_emoji_for_llm"
"5470058558500382450","unicode_1F44A","👊","unicode_variant","restrictedemoji","RestrictedEmoji","👊|unicode_1F44A","👊|unicode|premium","broad_unicode","ready","true","uuigww-telegram_emoji_for_llm"
"5470060791883374114","unicode_270D_FE0F","✍️","unicode_variant","restrictedemoji","RestrictedEmoji","✍️|unicode_270D_FE0F","✍️|unicode|premium","broad_unicode","ready","true","uuigww-telegram_emoji_for_llm"
"5470076726212042350","unicode_1F918","🤘","unicode_variant","restrictedemoji","RestrictedEmoji","🤘|unicode_1F918","🤘|unicode|premium","broad_unicode","ready","true","uuigww-telegram_emoji_for_llm"
"5470088387048266598","unicode_1F409","🐉","unicode_variant","restrictedemoji","RestrictedEmoji","🐉|unicode_1F409","🐉|unicode|premium","broad_unicode","ready","true","uuigww-telegram_emoji_for_llm"
"5470093614023449749","unicode_26C4_FE0F","⛄️","unicode_variant","restrictedemoji","RestrictedEmoji","⛄️|unicode_26C4_FE0F","⛄️|unicode|premium","broad_unicode","ready","true","uuigww-telegram_emoji_for_llm"
"5470113903448956707","unicode_1F423","🐣","unicode_variant","restrictedemoji","RestrictedEmoji","🐣|unicode_1F423","🐣|unicode|premium","broad_unicode","ready","true","uuigww-telegram_emoji_for_llm"
"5470159421512359552","unicode_1F356","🍖","unicode_variant","restrictedemoji","RestrictedEmoji","🍖|unicode_1F356","🍖|unicode|premium","broad_unicode","ready","true","uuigww-telegram_emoji_for_llm"
"5470166383654347072","unicode_2764_FE0F_200D_1FA79","❤️‍🩹","unicode_variant","restrictedemoji","RestrictedEmoji","❤️‍🩹|unicode_2764_FE0F_200D_1FA79","❤️‍🩹|unicode|premium","broad_unicode","ready","true","uuigww-telegram_emoji_for_llm"
"5470173702278622823","unicode_1F9B4","🦴","unicode_variant","restrictedemoji","RestrictedEmoji","🦴|unicode_1F9B4","🦴|unicode|premium","broad_unicode","ready","true","uuigww-telegram_emoji_for_llm"
"5470177992950946662","unicode_1F447","👇","unicode_variant","restrictedemoji","RestrictedEmoji","👇|unicode_1F447","👇|unicode|premium","broad_unicode","ready","true","uuigww-telegram_emoji_for_llm"
"5470182756069678947","unicode_1F357","🍗","unicode_variant","restrictedemoji","RestrictedEmoji","🍗|unicode_1F357","🍗|unicode|premium","broad_unicode","ready","true","uuigww-telegram_emoji_for_llm"
"5471883477219549006","unicode_1F4AA","💪","unicode_variant","restrictedemoji","RestrictedEmoji","💪|unicode_1F4AA","💪|unicode|premium","broad_unicode","ready","true","uuigww-telegram_emoji_for_llm"
"5471893463018511081","unicode_1F596","🖖","unicode_variant","restrictedemoji","RestrictedEmoji","🖖|unicode_1F596","🖖|unicode|premium","broad_unicode","ready","true","uuigww-telegram_emoji_for_llm"
"5471895949804575096","unicode_1F932","🤲","unicode_variant","restrictedemoji","RestrictedEmoji","🤲|unicode_1F932","🤲|unicode|premium","broad_unicode","ready","true","uuigww-telegram_emoji_for_llm"
"5471898432295673647","unicode_2763_FE0F","❣️","unicode_variant","restrictedemoji","RestrictedEmoji","❣️|unicode_2763_FE0F","❣️|unicode|premium","broad_unicode","ready","true","uuigww-telegram_emoji_for_llm"
"5471899089425667918","unicode_1F4B1","💱","unicode_variant","restrictedemoji","RestrictedEmoji","💱|unicode_1F4B1","💱|unicode|premium","broad_unicode","ready","true","uuigww-telegram_emoji_for_llm"
"5471921242866981303","unicode_1F44F","👏","unicode_variant","restrictedemoji","RestrictedEmoji","👏|unicode_1F44F","👏|unicode|premium","broad_unicode","ready","true","uuigww-telegram_emoji_for_llm"
"5471950641918121951","unicode_2603_FE0F","☃️","unicode_variant","restrictedemoji","RestrictedEmoji","☃️|unicode_2603_FE0F","☃️|unicode|premium","broad_unicode","ready","true","uuigww-telegram_emoji_for_llm"
"5471952986970267163","unicode_1F48E","💎","unicode_variant","restrictedemoji","RestrictedEmoji","💎|unicode_1F48E","💎|unicode|premium","broad_unicode","ready","true","uuigww-telegram_emoji_for_llm"
"5471954395719539651","unicode_1F494","💔","unicode_variant","restrictedemoji","RestrictedEmoji","💔|unicode_1F494","💔|unicode|premium","broad_unicode","ready","true","uuigww-telegram_emoji_for_llm"
"5471957105843904125","unicode_1F91F","🤟","unicode_variant","restrictedemoji","RestrictedEmoji","🤟|unicode_1F91F","🤟|unicode|premium","broad_unicode","ready","true","uuigww-telegram_emoji_for_llm"
"5471958978449644934","unicode_1F96B","🥫","unicode_variant","restrictedemoji","RestrictedEmoji","🥫|unicode_1F96B","🥫|unicode|premium","broad_unicode","ready","true","uuigww-telegram_emoji_for_llm"
"5471966722275679446","unicode_1F443","👃","unicode_variant","restrictedemoji","RestrictedEmoji","👃|unicode_1F443","👃|unicode|premium","broad_unicode","ready","true","uuigww-telegram_emoji_for_llm"
"5471978009449731768","unicode_1F449","👉","unicode_variant","restrictedemoji","RestrictedEmoji","👉|unicode_1F449","👉|unicode|premium","broad_unicode","ready","true","uuigww-telegram_emoji_for_llm"
"5471984997361523302","unicode_1F44C","👌","unicode_variant","restrictedemoji","RestrictedEmoji","👌|unicode_1F44C","👌|unicode|premium","broad_unicode","ready","true","uuigww-telegram_emoji_for_llm"
"5472009457200277262","unicode_1F41C","🐜","unicode_variant","restrictedemoji","RestrictedEmoji","🐜|unicode_1F41C","🐜|unicode|premium","broad_unicode","ready","true","uuigww-telegram_emoji_for_llm"
"5472019095106886003","unicode_1F48C","💌","unicode_variant","restrictedemoji","RestrictedEmoji","💌|unicode_1F48C","💌|unicode|premium","broad_unicode","ready","true","uuigww-telegram_emoji_for_llm"
"5472030678633684592","unicode_1F4B8","💸","unicode_variant","restrictedemoji","RestrictedEmoji","💸|unicode_1F4B8","💸|unicode|premium","broad_unicode","ready","true","uuigww-telegram_emoji_for_llm"
"5472055112702629499","unicode_1F44B","👋","unicode_variant","restrictedemoji","RestrictedEmoji","👋|unicode_1F44B","👋|unicode|premium","broad_unicode","ready","true","uuigww-telegram_emoji_for_llm"
"5472060215123778885","unicode_1F90F","🤏","unicode_variant","restrictedemoji","RestrictedEmoji","🤏|unicode_1F90F","🤏|unicode|premium","broad_unicode","ready","true","uuigww-telegram_emoji_for_llm"
"5472091323571903308","unicode_1F388","🎈","unicode_variant","restrictedemoji","RestrictedEmoji","🎈|unicode_1F388","🎈|unicode|premium","broad_unicode","ready","true","uuigww-telegram_emoji_for_llm"
"5472101816177008629","unicode_1F91C","🤜","unicode_variant","restrictedemoji","RestrictedEmoji","🤜|unicode_1F91C","🤜|unicode|premium","broad_unicode","ready","true","uuigww-telegram_emoji_for_llm"
"5472105307985419058","unicode_261D_FE0F","☝️","unicode_variant","restrictedemoji","RestrictedEmoji","☝️|unicode_261D_FE0F","☝️|unicode|premium","broad_unicode","ready","true","uuigww-telegram_emoji_for_llm"
"5472111548572900003","unicode_2328_FE0F","⌨️","unicode_variant","restrictedemoji","RestrictedEmoji","⌨️|unicode_2328_FE0F","⌨️|unicode|premium","broad_unicode","ready","true","uuigww-telegram_emoji_for_llm"
"5472139590414376346","unicode_1F91E","🤞","unicode_variant","restrictedemoji","RestrictedEmoji","🤞|unicode_1F91E","🤞|unicode|premium","broad_unicode","ready","true","uuigww-telegram_emoji_for_llm"
"5472145530354145694","unicode_1F9B5","🦵","unicode_variant","restrictedemoji","RestrictedEmoji","🦵|unicode_1F9B5","🦵|unicode|premium","broad_unicode","ready","true","uuigww-telegram_emoji_for_llm"
"5472146462362048818","unicode_1F4A1","💡","unicode_variant","restrictedemoji","RestrictedEmoji","💡|unicode_1F4A1","💡|unicode|premium","broad_unicode","ready","true","uuigww-telegram_emoji_for_llm"
"5472164874886846699","unicode_2728","✨","unicode_variant","restrictedemoji","RestrictedEmoji","✨|unicode_2728","✨|unicode|premium","broad_unicode","ready","true","uuigww-telegram_emoji_for_llm"
"5472169951538224541","google","☁","developer","it","","google","google|☁","catalogued","ready","true","zulut30-premium-telegram-emoji"
"5472189549473963781","unicode_1F64F","🙏","unicode_variant","restrictedemoji","RestrictedEmoji","🙏|unicode_1F64F","🙏|unicode|premium","broad_unicode","ready","true","uuigww-telegram_emoji_for_llm"
"5472199711366584503","unicode_1F442","👂","unicode_variant","restrictedemoji","RestrictedEmoji","👂|unicode_1F442","👂|unicode|premium","broad_unicode","ready","true","uuigww-telegram_emoji_for_llm"
"5472221443901103190","unicode_1F450","👐","unicode_variant","restrictedemoji","RestrictedEmoji","👐|unicode_1F450","👐|unicode|premium","broad_unicode","ready","true","uuigww-telegram_emoji_for_llm"
"5472234792659458002","unicode_1F90C","🤌","unicode_variant","restrictedemoji","RestrictedEmoji","🤌|unicode_1F90C","🤌|unicode|premium","broad_unicode","ready","true","uuigww-telegram_emoji_for_llm"
"5472241608772557596","unicode_1F590","🖐","unicode_variant","restrictedemoji","RestrictedEmoji","🖐|unicode_1F590","🖐|unicode|premium","broad_unicode","ready","true","uuigww-telegram_emoji_for_llm"
"5472248558029642850","unicode_1F9BB","🦻","unicode_variant","restrictedemoji","RestrictedEmoji","🦻|unicode_1F9BB","🦻|unicode|premium","broad_unicode","ready","true","uuigww-telegram_emoji_for_llm"
"5472308992514464048","unicode_1F510","🔐","unicode_variant","restrictedemoji","RestrictedEmoji","🔐|unicode_1F510","🔐|unicode|premium","broad_unicode","ready","true","uuigww-telegram_emoji_for_llm"
"5472309400536358507","unicode_1F44E","👎","unicode_variant","restrictedemoji","RestrictedEmoji","👎|unicode_1F44E","👎|unicode|premium","broad_unicode","ready","true","uuigww-telegram_emoji_for_llm"
"5472317878801800869","unicode_1F489","💉","unicode_variant","restrictedemoji","RestrictedEmoji","💉|unicode_1F489","💉|unicode|premium","broad_unicode","ready","true","uuigww-telegram_emoji_for_llm"
"5472348819746200625","unicode_1FAF1","🫱","unicode_variant","restrictedemoji","RestrictedEmoji","🫱|unicode_1FAF1","🫱|unicode|premium","broad_unicode","ready","true","uuigww-telegram_emoji_for_llm"
"5472354553527541051","unicode_270B","✋","unicode_variant","restrictedemoji","RestrictedEmoji","✋|unicode_270B","✋|unicode|premium","broad_unicode","ready","true","uuigww-telegram_emoji_for_llm"
"5472363448404809929","unicode_1F45B","👛","unicode_variant","restrictedemoji","RestrictedEmoji","👛|unicode_1F45B","👛|unicode|premium","broad_unicode","ready","true","uuigww-telegram_emoji_for_llm"
"5472370131373923279","unicode_1FAF2","🫲","unicode_variant","restrictedemoji","RestrictedEmoji","🫲|unicode_1FAF2","🫲|unicode|premium","broad_unicode","ready","true","uuigww-telegram_emoji_for_llm"
"5472386005573049567","unicode_1F9FC","🧼","unicode_variant","restrictedemoji","RestrictedEmoji","🧼|unicode_1F9FC","🧼|unicode|premium","broad_unicode","ready","true","uuigww-telegram_emoji_for_llm"
"5472404692975753822","unicode_270A","✊","unicode_variant","restrictedemoji","RestrictedEmoji","✊|unicode_270A","✊|unicode|premium","broad_unicode","ready","true","uuigww-telegram_emoji_for_llm"
"5472404950673791399","unicode_1F9EE","🧮","unicode_variant","restrictedemoji","RestrictedEmoji","🧮|unicode_1F9EE","🧮|unicode|premium","broad_unicode","ready","true","uuigww-telegram_emoji_for_llm"
"5474140796066210842","unicode_1F991","🦑","unicode_variant","restrictedemoji","RestrictedEmoji","🦑|unicode_1F991","🦑|unicode|premium","broad_unicode","ready","true","uuigww-telegram_emoji_for_llm"
"5474268541278493225","unicode_1F9CB","🧋","unicode_variant","restrictedemoji","RestrictedEmoji","🧋|unicode_1F9CB","🧋|unicode|premium","broad_unicode","ready","true","uuigww-telegram_emoji_for_llm"
"5474274146210817219","unicode_1F1F8_1F1F3","🇸🇳","unicode_variant","restrictedemoji","RestrictedEmoji","🇸🇳|unicode_1F1F8_1F1F3","🇸🇳|unicode|premium","broad_unicode","ready","true","uuigww-telegram_emoji_for_llm"
"5474323070183285988","unicode_1F1E7_1F1EB","🇧🇫","unicode_variant","restrictedemoji","RestrictedEmoji","🇧🇫|unicode_1F1E7_1F1EB","🇧🇫|unicode|premium","broad_unicode","ready","true","uuigww-telegram_emoji_for_llm"
"5474375863921288686","unicode_1F1F8_1F1F4","🇸🇴","unicode_variant","restrictedemoji","RestrictedEmoji","🇸🇴|unicode_1F1F8_1F1F4","🇸🇴|unicode|premium","broad_unicode","ready","true","uuigww-telegram_emoji_for_llm"
"5474379501758618408","copilot","🤖","ai","","","copilot","copilot|🤖","catalogued","ready","true","zulut30-premium-telegram-emoji"
"5474425672657021493","unicode_1F405","🐅","unicode_variant","restrictedemoji","RestrictedEmoji","🐅|unicode_1F405","🐅|unicode|premium","broad_unicode","ready","true","uuigww-telegram_emoji_for_llm"
"5474542319673812606","unicode_1F1FB_1F1F3","🇻🇳","unicode_variant","restrictedemoji","RestrictedEmoji","🇻🇳|unicode_1F1FB_1F1F3","🇻🇳|unicode|premium","broad_unicode","ready","true","uuigww-telegram_emoji_for_llm"
"5474681124426884947","unicode_1F1E8_1F1F2","🇨🇲","unicode_variant","restrictedemoji","RestrictedEmoji","🇨🇲|unicode_1F1E8_1F1F2","🇨🇲|unicode|premium","broad_unicode","ready","true","uuigww-telegram_emoji_for_llm"
"5764899533565729469","art","🎨","ui_minimal","minimal_bw","TgAndroidIcons","art","art|🎨","catalogued","ready","true","zulut30-premium-telegram-emoji"
"5769403330761593044","wallet","👛","ui_minimal","minimal_bw","TgAndroidIcons","wallet","wallet|👛","catalogued","ready","true","zulut30-premium-telegram-emoji"
"5769509712806550043","node_js","🔰","developer","it","","node_js","node|js|🔰","catalogued","ready","true","zulut30-premium-telegram-emoji"
"5771695636411847302","announce_bw","📢","ui_minimal","minimal_bw","TgAndroidIcons","announce_bw","announce|bw|📢","catalogued","ready","true","zulut30-premium-telegram-emoji"
"5771887475421090729","dog","🐕","ui_minimal","minimal_bw","TgAndroidIcons","dog","dog|🐕","catalogued","ready","true","zulut30-premium-telegram-emoji"
"5775937998948404844","znak","➕","ui_minimal","minimal_bw","TgAndroidIcons","znak","znak|➕","catalogued","ready","true","zulut30-premium-telegram-emoji"
"5778184941154078090","translate","🌍","ui_minimal","minimal_bw","TgAndroidIcons","translate","translate|🌍","catalogued","ready","true","zulut30-premium-telegram-emoji"
"5780449492725669998","openrouter","🐳","ai","","","openrouter","openrouter|🐳","catalogued","ready","true","zulut30-premium-telegram-emoji"
"5780699670275694491","chatgpt","🐳","ai","","","chatgpt","chatgpt|🐳","catalogued","ready","true","zulut30-premium-telegram-emoji"
"5780853769407307553","tencent","🐳","ai","","","tencent","tencent|🐳","catalogued","ready","true","zulut30-premium-telegram-emoji"
"5782833036366192217","minimax","🐳","ai","","","minimax","minimax|🐳","catalogued","ready","true","zulut30-premium-telegram-emoji"
"5796440171364749940","pin_bw","📌","ui_minimal","minimal_bw","TgAndroidIcons","pin_bw","pin|bw|📌","catalogued","ready","true","zulut30-premium-telegram-emoji"
"5805532930662996322","verified","✅","ui_minimal","minimal_bw","TgAndroidIcons","verified|verefikatsiya","verified|✅|verefikatsiya","catalogued","ready","true","zulut30-premium-telegram-emoji"
"5811901387910418000","gta","🧩","gaming","","","gta","gta|🧩","catalogued","ready","true","zulut30-premium-telegram-emoji"
"5814426016931647060","xbox","🧩","brands_apps","microsoft","","xbox","xbox|🧩","catalogued","ready","true","zulut30-premium-telegram-emoji"
"5814479472094612906","xbox","🎮","brands_apps","microsoft","","xbox","xbox|🎮","catalogued","ready","true","zulut30-premium-telegram-emoji"
"5818920837645867167","apple","🍏","brands_apps","apple","","apple","apple|🍏","catalogued","ready","true","zulut30-premium-telegram-emoji"
"5825794181183836432","check_bw","✅","ui_minimal","minimal_bw","TgAndroidIcons","check_bw","check|bw|✅","catalogued","ready","true","zulut30-premium-telegram-emoji"
"5838924308524570588","irannewz_24570588","","regional_iran","iranNewz","iranNewz","","iran|persian|ایران|فارسی","regional|iran|needs_enrichment","needs_enrichment","false","telegram-customemojipack-iranNewz"
"5838938314412922330","irannewz_12922330","","regional_iran","iranNewz","iranNewz","","iran|persian|ایران|فارسی","regional|iran|needs_enrichment","needs_enrichment","false","telegram-customemojipack-iranNewz"
"5838943992359687381","irannewz_59687381","","regional_iran","iranNewz","iranNewz","","iran|persian|ایران|فارسی","regional|iran|needs_enrichment","needs_enrichment","false","telegram-customemojipack-iranNewz"
"5838953359683359726","irannewz_83359726","","regional_iran","iranNewz","iranNewz","","iran|persian|ایران|فارسی","regional|iran|needs_enrichment","needs_enrichment","false","telegram-customemojipack-iranNewz"
"5838963452856505720","irannewz_56505720","","regional_iran","iranNewz","iranNewz","","iran|persian|ایران|فارسی","regional|iran|needs_enrichment","needs_enrichment","false","telegram-customemojipack-iranNewz"
"5838964350504671251","irannewz_04671251","","regional_iran","iranNewz","iranNewz","","iran|persian|ایران|فارسی","regional|iran|needs_enrichment","needs_enrichment","false","telegram-customemojipack-iranNewz"
"5838985984254942959","irannewz_54942959","","regional_iran","iranNewz","iranNewz","","iran|persian|ایران|فارسی","regional|iran|needs_enrichment","needs_enrichment","false","telegram-customemojipack-iranNewz"
"5838992113173272438","irannewz_73272438","","regional_iran","iranNewz","iranNewz","","iran|persian|ایران|فارسی","regional|iran|needs_enrichment","needs_enrichment","false","telegram-customemojipack-iranNewz"
"5839004753262024234","irannewz_62024234","","regional_iran","iranNewz","iranNewz","","iran|persian|ایران|فارسی","regional|iran|needs_enrichment","needs_enrichment","false","telegram-customemojipack-iranNewz"
"5839010993849505116","irannewz_49505116","","regional_iran","iranNewz","iranNewz","","iran|persian|ایران|فارسی","regional|iran|needs_enrichment","needs_enrichment","false","telegram-customemojipack-iranNewz"
"5839026988307715256","irannewz_07715256","","regional_iran","iranNewz","iranNewz","","iran|persian|ایران|فارسی","regional|iran|needs_enrichment","needs_enrichment","false","telegram-customemojipack-iranNewz"
"5839038649143928115","irannewz_43928115","","regional_iran","iranNewz","iranNewz","","iran|persian|ایران|فارسی","regional|iran|needs_enrichment","needs_enrichment","false","telegram-customemojipack-iranNewz"
"5839039894684439752","irannewz_84439752","","regional_iran","iranNewz","iranNewz","","iran|persian|ایران|فارسی","regional|iran|needs_enrichment","needs_enrichment","false","telegram-customemojipack-iranNewz"
"5839042016398284587","irannewz_98284587","","regional_iran","iranNewz","iranNewz","","iran|persian|ایران|فارسی","regional|iran|needs_enrichment","needs_enrichment","false","telegram-customemojipack-iranNewz"
"5839049609900462852","irannewz_00462852","","regional_iran","iranNewz","iranNewz","","iran|persian|ایران|فارسی","regional|iran|needs_enrichment","needs_enrichment","false","telegram-customemojipack-iranNewz"
"5839054252760110130","irannewz_60110130","","regional_iran","iranNewz","iranNewz","","iran|persian|ایران|فارسی","regional|iran|needs_enrichment","needs_enrichment","false","telegram-customemojipack-iranNewz"
"5839073163501114044","irannewz_01114044","","regional_iran","iranNewz","iranNewz","","iran|persian|ایران|فارسی","regional|iran|needs_enrichment","needs_enrichment","false","telegram-customemojipack-iranNewz"
"5839091511601403230","irannewz_01403230","","regional_iran","iranNewz","iranNewz","","iran|persian|ایران|فارسی","regional|iran|needs_enrichment","needs_enrichment","false","telegram-customemojipack-iranNewz"
"5839115894130742834","irannewz_30742834","","regional_iran","iranNewz","iranNewz","","iran|persian|ایران|فارسی","regional|iran|needs_enrichment","needs_enrichment","false","telegram-customemojipack-iranNewz"
"5839125957239116816","irannewz_39116816","","regional_iran","iranNewz","iranNewz","","iran|persian|ایران|فارسی","regional|iran|needs_enrichment","needs_enrichment","false","telegram-customemojipack-iranNewz"
"5839149699818330416","irannewz_18330416","","regional_iran","iranNewz","iranNewz","","iran|persian|ایران|فارسی","regional|iran|needs_enrichment","needs_enrichment","false","telegram-customemojipack-iranNewz"
"5839156571766002699","irannewz_66002699","","regional_iran","iranNewz","iranNewz","","iran|persian|ایران|فارسی","regional|iran|needs_enrichment","needs_enrichment","false","telegram-customemojipack-iranNewz"
"5839179476826592153","irannewz_26592153","","regional_iran","iranNewz","iranNewz","","iran|persian|ایران|فارسی","regional|iran|needs_enrichment","needs_enrichment","false","telegram-customemojipack-iranNewz"
"5839200234403533703","irannewz_03533703","","regional_iran","iranNewz","iranNewz","","iran|persian|ایران|فارسی","regional|iran|needs_enrichment","needs_enrichment","false","telegram-customemojipack-iranNewz"
"5839236226229473959","irannewz_29473959","","regional_iran","iranNewz","iranNewz","","iran|persian|ایران|فارسی","regional|iran|needs_enrichment","needs_enrichment","false","telegram-customemojipack-iranNewz"
"5839238236274168759","irannewz_74168759","","regional_iran","iranNewz","iranNewz","","iran|persian|ایران|فارسی","regional|iran|needs_enrichment","needs_enrichment","false","telegram-customemojipack-iranNewz"
"5839240388052785374","irannewz_52785374","","regional_iran","iranNewz","iranNewz","","iran|persian|ایران|فارسی","regional|iran|needs_enrichment","needs_enrichment","false","telegram-customemojipack-iranNewz"
"5839260144902344766","irannewz_02344766","","regional_iran","iranNewz","iranNewz","","iran|persian|ایران|فارسی","regional|iran|needs_enrichment","needs_enrichment","false","telegram-customemojipack-iranNewz"
"5839261712565409029","irannewz_65409029","","regional_iran","iranNewz","iranNewz","","iran|persian|ایران|فارسی","regional|iran|needs_enrichment","needs_enrichment","false","telegram-customemojipack-iranNewz"
"5839301436717929423","irannewz_17929423","","regional_iran","iranNewz","iranNewz","","iran|persian|ایران|فارسی","regional|iran|needs_enrichment","needs_enrichment","false","telegram-customemojipack-iranNewz"
"5839311199178593505","irannewz_78593505","","regional_iran","iranNewz","iranNewz","","iran|persian|ایران|فارسی","regional|iran|needs_enrichment","needs_enrichment","false","telegram-customemojipack-iranNewz"
"5839318663831753645","irannewz_31753645","","regional_iran","iranNewz","iranNewz","","iran|persian|ایران|فارسی","regional|iran|needs_enrichment","needs_enrichment","false","telegram-customemojipack-iranNewz"
"5839325449880081271","irannewz_80081271","","regional_iran","iranNewz","iranNewz","","iran|persian|ایران|فارسی","regional|iran|needs_enrichment","needs_enrichment","false","telegram-customemojipack-iranNewz"
"5839354140261619193","translirovat","🛜","ui_minimal","minimal_bw","TgAndroidIcons","translirovat","translirovat|🛜","catalogued","ready","true","zulut30-premium-telegram-emoji"
"5839360423798772952","irannewz_98772952","","regional_iran","iranNewz","iranNewz","","iran|persian|ایران|فارسی","regional|iran|needs_enrichment","needs_enrichment","false","telegram-customemojipack-iranNewz"
"5839375134061761681","irannewz_61761681","","regional_iran","iranNewz","iranNewz","","iran|persian|ایران|فارسی","regional|iran|needs_enrichment","needs_enrichment","false","telegram-customemojipack-iranNewz"
"5839378789078930519","irannewz_78930519","","regional_iran","iranNewz","iranNewz","","iran|persian|ایران|فارسی","regional|iran|needs_enrichment","needs_enrichment","false","telegram-customemojipack-iranNewz"
"5839383371809035260","irannewz_09035260","","regional_iran","iranNewz","iranNewz","","iran|persian|ایران|فارسی","regional|iran|needs_enrichment","needs_enrichment","false","telegram-customemojipack-iranNewz"
"5839392236621534581","irannewz_21534581","","regional_iran","iranNewz","iranNewz","","iran|persian|ایران|فارسی","regional|iran|needs_enrichment","needs_enrichment","false","telegram-customemojipack-iranNewz"
"5839394345450477191","irannewz_50477191","","regional_iran","iranNewz","iranNewz","","iran|persian|ایران|فارسی","regional|iran|needs_enrichment","needs_enrichment","false","telegram-customemojipack-iranNewz"
"5839406384243807787","irannewz_43807787","","regional_iran","iranNewz","iranNewz","","iran|persian|ایران|فارسی","regional|iran|needs_enrichment","needs_enrichment","false","telegram-customemojipack-iranNewz"
"5841227106779927357","irannewz_79927357","","regional_iran","iranNewz","iranNewz","","iran|persian|ایران|فارسی","regional|iran|needs_enrichment","needs_enrichment","false","telegram-customemojipack-iranNewz"
"5841251699762664402","irannewz_62664402","","regional_iran","iranNewz","iranNewz","","iran|persian|ایران|فارسی","regional|iran|needs_enrichment","needs_enrichment","false","telegram-customemojipack-iranNewz"
"5841264541714880075","irannewz_14880075","","regional_iran","iranNewz","iranNewz","","iran|persian|ایران|فارسی","regional|iran|needs_enrichment","needs_enrichment","false","telegram-customemojipack-iranNewz"
"5841267092925452643","irannewz_25452643","","regional_iran","iranNewz","iranNewz","","iran|persian|ایران|فارسی","regional|iran|needs_enrichment","needs_enrichment","false","telegram-customemojipack-iranNewz"
"5841267724285646096","irannewz_85646096","","regional_iran","iranNewz","iranNewz","","iran|persian|ایران|فارسی","regional|iran|needs_enrichment","needs_enrichment","false","telegram-customemojipack-iranNewz"
"5841276284155467413","irannewz_55467413","","regional_iran","iranNewz","iranNewz","","iran|persian|ایران|فارسی","regional|iran|needs_enrichment","needs_enrichment","false","telegram-customemojipack-iranNewz"
"5841277791688986882","irannewz_88986882","","regional_iran","iranNewz","iranNewz","","iran|persian|ایران|فارسی","regional|iran|needs_enrichment","needs_enrichment","false","telegram-customemojipack-iranNewz"
"5841287730243311555","irannewz_43311555","","regional_iran","iranNewz","iranNewz","","iran|persian|ایران|فارسی","regional|iran|needs_enrichment","needs_enrichment","false","telegram-customemojipack-iranNewz"
"5841301667412186007","irannewz_12186007","","regional_iran","iranNewz","iranNewz","","iran|persian|ایران|فارسی","regional|iran|needs_enrichment","needs_enrichment","false","telegram-customemojipack-iranNewz"
"5841326750021194295","irannewz_21194295","","regional_iran","iranNewz","iranNewz","","iran|persian|ایران|فارسی","regional|iran|needs_enrichment","needs_enrichment","false","telegram-customemojipack-iranNewz"
"5841355633676260093","irannewz_76260093","","regional_iran","iranNewz","iranNewz","","iran|persian|ایران|فارسی","regional|iran|needs_enrichment","needs_enrichment","false","telegram-customemojipack-iranNewz"
"5841387399254382777","irannewz_54382777","","regional_iran","iranNewz","iranNewz","","iran|persian|ایران|فارسی","regional|iran|needs_enrichment","needs_enrichment","false","telegram-customemojipack-iranNewz"
"5841403840389191425","irannewz_89191425","","regional_iran","iranNewz","iranNewz","","iran|persian|ایران|فارسی","regional|iran|needs_enrichment","needs_enrichment","false","telegram-customemojipack-iranNewz"
"5841406765261919208","irannewz_61919208","","regional_iran","iranNewz","iranNewz","","iran|persian|ایران|فارسی","regional|iran|needs_enrichment","needs_enrichment","false","telegram-customemojipack-iranNewz"
"5841408929925436305","irannewz_25436305","","regional_iran","iranNewz","iranNewz","","iran|persian|ایران|فارسی","regional|iran|needs_enrichment","needs_enrichment","false","telegram-customemojipack-iranNewz"
"5841434338951959112","irannewz_51959112","","regional_iran","iranNewz","iranNewz","","iran|persian|ایران|فارسی","regional|iran|needs_enrichment","needs_enrichment","false","telegram-customemojipack-iranNewz"
"5841434446326141553","irannewz_26141553","","regional_iran","iranNewz","iranNewz","","iran|persian|ایران|فارسی","regional|iran|needs_enrichment","needs_enrichment","false","telegram-customemojipack-iranNewz"
"5841458210380191010","irannewz_80191010","","regional_iran","iranNewz","iranNewz","","iran|persian|ایران|فارسی","regional|iran|needs_enrichment","needs_enrichment","false","telegram-customemojipack-iranNewz"
"5841464876169434118","irannewz_69434118","","regional_iran","iranNewz","iranNewz","","iran|persian|ایران|فارسی","regional|iran|needs_enrichment","needs_enrichment","false","telegram-customemojipack-iranNewz"
"5841470871943779767","irannewz_43779767","","regional_iran","iranNewz","iranNewz","","iran|persian|ایران|فارسی","regional|iran|needs_enrichment","needs_enrichment","false","telegram-customemojipack-iranNewz"
"5841473431744287874","irannewz_44287874","","regional_iran","iranNewz","iranNewz","","iran|persian|ایران|فارسی","regional|iran|needs_enrichment","needs_enrichment","false","telegram-customemojipack-iranNewz"
"5841491431952225723","irannewz_52225723","","regional_iran","iranNewz","iranNewz","","iran|persian|ایران|فارسی","regional|iran|needs_enrichment","needs_enrichment","false","telegram-customemojipack-iranNewz"
"5841494459904168607","irannewz_04168607","","regional_iran","iranNewz","iranNewz","","iran|persian|ایران|فارسی","regional|iran|needs_enrichment","needs_enrichment","false","telegram-customemojipack-iranNewz"
"5841497865813235132","irannewz_13235132","","regional_iran","iranNewz","iranNewz","","iran|persian|ایران|فارسی","regional|iran|needs_enrichment","needs_enrichment","false","telegram-customemojipack-iranNewz"
"5841508835159708956","irannewz_59708956","","regional_iran","iranNewz","iranNewz","","iran|persian|ایران|فارسی","regional|iran|needs_enrichment","needs_enrichment","false","telegram-customemojipack-iranNewz"
"5841509771462579474","irannewz_62579474","","regional_iran","iranNewz","iranNewz","","iran|persian|ایران|فارسی","regional|iran|needs_enrichment","needs_enrichment","false","telegram-customemojipack-iranNewz"
"5841521509608198453","irannewz_08198453","","regional_iran","iranNewz","iranNewz","","iran|persian|ایران|فارسی","regional|iran|needs_enrichment","needs_enrichment","false","telegram-customemojipack-iranNewz"
"5841561362609747128","irannewz_09747128","","regional_iran","iranNewz","iranNewz","","iran|persian|ایران|فارسی","regional|iran|needs_enrichment","needs_enrichment","false","telegram-customemojipack-iranNewz"
"5841613254404610970","irannewz_04610970","","regional_iran","iranNewz","iranNewz","","iran|persian|ایران|فارسی","regional|iran|needs_enrichment","needs_enrichment","false","telegram-customemojipack-iranNewz"
"5841617953098830384","irannewz_98830384","","regional_iran","iranNewz","iranNewz","","iran|persian|ایران|فارسی","regional|iran|needs_enrichment","needs_enrichment","false","telegram-customemojipack-iranNewz"
"5841647064387162728","irannewz_87162728","","regional_iran","iranNewz","iranNewz","","iran|persian|ایران|فارسی","regional|iran|needs_enrichment","needs_enrichment","false","telegram-customemojipack-iranNewz"
"5841651166080930957","irannewz_80930957","","regional_iran","iranNewz","iranNewz","","iran|persian|ایران|فارسی","regional|iran|needs_enrichment","needs_enrichment","false","telegram-customemojipack-iranNewz"
"5841656161127895801","irannewz_27895801","","regional_iran","iranNewz","iranNewz","","iran|persian|ایران|فارسی","regional|iran|needs_enrichment","needs_enrichment","false","telegram-customemojipack-iranNewz"
"5841670626577748398","irannewz_77748398","","regional_iran","iranNewz","iranNewz","","iran|persian|ایران|فارسی","regional|iran|needs_enrichment","needs_enrichment","false","telegram-customemojipack-iranNewz"
"5841717446016242415","irannewz_16242415","","regional_iran","iranNewz","iranNewz","","iran|persian|ایران|فارسی","regional|iran|needs_enrichment","needs_enrichment","false","telegram-customemojipack-iranNewz"
"5843506780931363129","image","🖼","ui_minimal","minimal_bw","TgAndroidIcons","image","image|🖼","catalogued","ready","true","zulut30-premium-telegram-emoji"
"5843843420468024653","fav","⭐","ui_minimal","minimal_bw","TgAndroidIcons","fav","fav|⭐","catalogued","ready","true","zulut30-premium-telegram-emoji"
"5845943483382110702","obnovit","🔄","ui_minimal","minimal_bw","TgAndroidIcons","obnovit","obnovit|🔄","catalogued","ready","true","zulut30-premium-telegram-emoji"
"5846024087033353251","rec_bw","⏺","ui_minimal","minimal_bw","TgAndroidIcons","rec_bw","rec|bw|⏺","catalogued","ready","true","zulut30-premium-telegram-emoji"
"5870734657384877785","wave","👋","ui_minimal","minimal_bw","TgAndroidIcons","wave","wave|👋","catalogued","ready","true","zulut30-premium-telegram-emoji"
"5872829476143894491","ban_bw","🚫","ui_minimal","minimal_bw","TgAndroidIcons","ban_bw","ban|bw|🚫","catalogued","ready","true","zulut30-premium-telegram-emoji"
"5874960879434338403","search","🔍","ui_minimal","minimal_bw","TgAndroidIcons","search","search|🔍","catalogued","ready","true","zulut30-premium-telegram-emoji"
"5874986954180791957","obmen","📶","ui_minimal","minimal_bw","TgAndroidIcons","obmen","obmen|📶","catalogued","ready","true","zulut30-premium-telegram-emoji"
"5875008416132370818","strelka","🔽","ui_minimal","minimal_bw","TgAndroidIcons","strelka","strelka|🔽","catalogued","ready","true","zulut30-premium-telegram-emoji"
"5875019892284985369","dots","…","ui_minimal","minimal_bw","TgAndroidIcons","dots","dots|…","catalogued","ready","true","zulut30-premium-telegram-emoji"
"5875033614705495771","polzunki","🎛","ui_minimal","minimal_bw","TgAndroidIcons","polzunki","polzunki|🎛","catalogued","ready","true","zulut30-premium-telegram-emoji"
"5875078273775439450","strelka","🔼","ui_minimal","minimal_bw","TgAndroidIcons","strelka","strelka|🔼","catalogued","ready","true","zulut30-premium-telegram-emoji"
"5875082500023258804","back","↩️","ui_minimal","minimal_bw","TgAndroidIcons","back","back|↩️","catalogued","ready","true","zulut30-premium-telegram-emoji"
"5875462364110787088","numerovannyj","🗂","ui_minimal","minimal_bw","TgAndroidIcons","numerovannyj","numerovannyj|🗂","catalogued","ready","true","zulut30-premium-telegram-emoji"
"5875465628285931233","tg_bw","✈️","ui_minimal","minimal_bw","TgAndroidIcons","tg_bw","tg|bw|✈️","catalogued","ready","true","zulut30-premium-telegram-emoji"
"5875506366050734240","strelka","➡️","ui_minimal","minimal_bw","TgAndroidIcons","strelka","strelka|➡️","catalogued","ready","true","zulut30-premium-telegram-emoji"
"5877219383691972108","dots_up","⋮","ui_minimal","minimal_bw","TgAndroidIcons","dots_up","dots|up|⋮","catalogued","ready","true","zulut30-premium-telegram-emoji"
"5877260593903177342","settings_bw","⚙️","ui_minimal","minimal_bw","TgAndroidIcons","settings_bw","settings|bw|⚙️","catalogued","ready","true","zulut30-premium-telegram-emoji"
"5877301185639091664","copy","📋","ui_minimal","minimal_bw","TgAndroidIcons","copy","copy|📋","catalogued","ready","true","zulut30-premium-telegram-emoji"
"5877316724830768997","sim","🗃","ui_minimal","minimal_bw","TgAndroidIcons","sim","sim|🗃","catalogued","ready","true","zulut30-premium-telegram-emoji"
"5877396173135811032","keyboard","⌨️","ui_minimal","minimal_bw","TgAndroidIcons","keyboard|klaviatura","keyboard|⌨️|klaviatura|⌨","catalogued","ready","true","zulut30-premium-telegram-emoji"
"5877410604225924969","updates","🔄","ui_minimal","minimal_bw","TgAndroidIcons","updates","updates|🔄","catalogued","ready","true","zulut30-premium-telegram-emoji"
"5877413297170419326","znak","🚫","ui_minimal","minimal_bw","TgAndroidIcons","znak","znak|🚫","catalogued","ready","true","zulut30-premium-telegram-emoji"
"5877465816030515018","link_bw","🔗","ui_minimal","minimal_bw","TgAndroidIcons","link_bw","link|bw|🔗","catalogued","ready","true","zulut30-premium-telegram-emoji"
"5877468380125990242","forward","↗️","ui_minimal","minimal_bw","TgAndroidIcons","forward","forward|↗️","catalogued","ready","true","zulut30-premium-telegram-emoji"
"5877485980901971030","data","📊","ui_minimal","minimal_bw","TgAndroidIcons","data","data|📊","catalogued","ready","true","zulut30-premium-telegram-emoji"
"5877536313623711363","strelka","⬅️","ui_minimal","minimal_bw","TgAndroidIcons","strelka","strelka|⬅️","catalogued","ready","true","zulut30-premium-telegram-emoji"
"5877597667231534929","list","📋","ui_minimal","minimal_bw","TgAndroidIcons","list","list|📋","catalogued","ready","true","zulut30-premium-telegram-emoji"
"5877613700344450910","treker","⏲","ui_minimal","minimal_bw","TgAndroidIcons","treker","treker|⏲","catalogued","ready","true","zulut30-premium-telegram-emoji"
"5879585266426973039","internet_bw","🌐","ui_minimal","minimal_bw","TgAndroidIcons","internet_bw","internet|bw|🌐","catalogued","ready","true","zulut30-premium-telegram-emoji"
"5879770735999717115","profile","👤","ui_minimal","minimal_bw","TgAndroidIcons","profile","profile|👤","catalogued","ready","true","zulut30-premium-telegram-emoji"
"5879785854284599288","info_bw","ℹ️","ui_minimal","minimal_bw","TgAndroidIcons","info_bw","info|bw|ℹ️","catalogued","ready","true","zulut30-premium-telegram-emoji"
"5879813604068298387","excl_bw","❗","ui_minimal","minimal_bw","TgAndroidIcons","excl_bw","excl|bw|❗","catalogued","ready","true","zulut30-premium-telegram-emoji"
"5879841310902324730","pencil_bw","✏️","ui_minimal","minimal_bw","TgAndroidIcons","pencil_bw","pencil|bw|✏️","catalogued","ready","true","zulut30-premium-telegram-emoji"
"5879896690210639947","trash","🗑","ui_minimal","minimal_bw","TgAndroidIcons","trash","trash|🗑","catalogued","ready","true","zulut30-premium-telegram-emoji"
"5884064642438795702","full","💾","ui_minimal","minimal_bw","TgAndroidIcons","full","full|💾","catalogued","ready","true","zulut30-premium-telegram-emoji"
"5884179047482659474","poll","📊","ui_minimal","minimal_bw","TgAndroidIcons","poll","poll|📊","catalogued","ready","true","zulut30-premium-telegram-emoji"
"5884448719889240368","240p","💾","ui_minimal","minimal_bw","TgAndroidIcons","240p","240p|💾","catalogued","ready","true","zulut30-premium-telegram-emoji"
"5884510167986343350","support","💬","ui_minimal","minimal_bw","TgAndroidIcons","support","support|💬","catalogued","ready","true","zulut30-premium-telegram-emoji"
"5886409316625289660","480p","💾","ui_minimal","minimal_bw","TgAndroidIcons","480p","480p|💾","catalogued","ready","true","zulut30-premium-telegram-emoji"
"5886436057091673541","soobschenie","💬","ui_minimal","minimal_bw","TgAndroidIcons","soobschenie","soobschenie|💬","catalogued","ready","true","zulut30-premium-telegram-emoji"
"5886505193180239900","fingerprint","🔐","ui_minimal","minimal_bw","TgAndroidIcons","fingerprint","fingerprint|🔐","catalogued","ready","true","zulut30-premium-telegram-emoji"
"5886584791809134461","720p","💾","ui_minimal","minimal_bw","TgAndroidIcons","720p","720p|💾","catalogued","ready","true","zulut30-premium-telegram-emoji"
"5890794491119407059","mask","🎭","ui_minimal","minimal_bw","TgAndroidIcons","mask","mask|🎭","catalogued","ready","true","zulut30-premium-telegram-emoji"
"5890997763331591703","speaker_bw","🔊","ui_minimal","minimal_bw","TgAndroidIcons","speaker_bw","speaker|bw|🔊","catalogued","ready","true","zulut30-premium-telegram-emoji"
"5891249688933305846","music","🎵","ui_minimal","minimal_bw","TgAndroidIcons","music","music|🎵","catalogued","ready","true","zulut30-premium-telegram-emoji"
"5899757765743615694","install","⬇️","ui_minimal","minimal_bw","TgAndroidIcons","install","install|⬇️","catalogued","ready","true","zulut30-premium-telegram-emoji"
"5909015791088439934","audio","🎙","ui_minimal","minimal_bw","TgAndroidIcons","audio","audio|🎙","catalogued","ready","true","zulut30-premium-telegram-emoji"
"5909201569898827582","notify","🔔","ui_minimal","minimal_bw","TgAndroidIcons","notify","notify|🔔","catalogued","ready","true","zulut30-premium-telegram-emoji"
"5911470150149740878","supercell","🔰","gaming","","","supercell","supercell|🔰","catalogued","ready","true","zulut30-premium-telegram-emoji"
"5913787972200698358","lab","🧪","ui_minimal","minimal_bw","TgAndroidIcons","lab","lab|🧪","catalogued","ready","true","zulut30-premium-telegram-emoji"
"5924720918826848520","sloi","📦","ui_minimal","minimal_bw","TgAndroidIcons","sloi","sloi|📦","catalogued","ready","true","zulut30-premium-telegram-emoji"
"5924776903725551803","apple","🏦","brands_apps","apple","","apple","apple|🏦","catalogued","ready","true","zulut30-premium-telegram-emoji"
"5925001822572908226","brush","🖌","ui_minimal","minimal_bw","TgAndroidIcons","brush","brush|🖌","catalogued","ready","true","zulut30-premium-telegram-emoji"
"5927109109621984802","windows","🖥","brands_apps","microsoft","","windows","windows|🖥","catalogued","ready","true","zulut30-premium-telegram-emoji"
"5927169041595634481","card","💳","ui_minimal","minimal_bw","TgAndroidIcons","card","card|💳","catalogued","ready","true","zulut30-premium-telegram-emoji"
"5929096876321149063","linux","🖥","developer","it","","linux","linux|🖥","catalogued","ready","true","zulut30-premium-telegram-emoji"
"5931415565955503486","bot_ai","🤖","ui_minimal","minimal_bw","TgAndroidIcons","bot_ai","bot|ai|🤖","catalogued","ready","true","zulut30-premium-telegram-emoji"
"5931472654660800739","chart_bw","📊","ui_minimal","minimal_bw","TgAndroidIcons","chart_bw","chart|bw|📊","catalogued","ready","true","zulut30-premium-telegram-emoji"
"5933768993285345899","medicine","💊","ui_minimal","minimal_bw","TgAndroidIcons","medicine","medicine|💊","catalogued","ready","true","zulut30-premium-telegram-emoji"
"5935847413859225147","sport","🏆","ui_minimal","minimal_bw","TgAndroidIcons","sport","sport|🏆","catalogued","ready","true","zulut30-premium-telegram-emoji"
"5935938364086685805","kalkulyator","➕","ui_minimal","minimal_bw","TgAndroidIcons","kalkulyator","kalkulyator|➕","catalogued","ready","true","zulut30-premium-telegram-emoji"
"5942877472163892475","people","👥","ui_minimal","minimal_bw","TgAndroidIcons","people","people|👥","catalogued","ready","true","zulut30-premium-telegram-emoji"
"5944849295944457104","kilo","🐳","ai","","","kilo","kilo|🐳","catalogued","ready","true","zulut30-premium-telegram-emoji"
"5944914003921739178","flux","🎨","ai","","","flux","flux|🎨","catalogued","ready","true","zulut30-premium-telegram-emoji"
"5944955909917646080","gemini","♊","ai","","","gemini","gemini|♊","catalogued","ready","true","zulut30-premium-telegram-emoji"
"5944959539165012786","grok","🐳","ai","","","grok","grok|🐳","catalogued","ready","true","zulut30-premium-telegram-emoji"
"5944964813384849980","qwen","🐳","ai","","","qwen","qwen|🐳","catalogued","ready","true","zulut30-premium-telegram-emoji"
"5944978256632487370","elevenlabs","🐳","ai","","","elevenlabs","elevenlabs|🐳","catalogued","ready","true","zulut30-premium-telegram-emoji"
"5945040447758933134","z_ai","🐳","ai","","","z_ai","z|ai|🐳","catalogued","ready","true","zulut30-premium-telegram-emoji"
"5945112474360487580","kling","📼","ai","","","kling","kling|📼","catalogued","ready","true","zulut30-premium-telegram-emoji"
"5945200220542344867","perplexity","🐳","ai","","","perplexity","perplexity|🐳","catalogued","ready","true","zulut30-premium-telegram-emoji"
"5945201685126192706","mistral","🐳","ai","","","mistral","mistral|🐳","catalogued","ready","true","zulut30-premium-telegram-emoji"
"5945210167686601730","claude","🌥","ai","","","claude","claude|🌥","catalogued","ready","true","zulut30-premium-telegram-emoji"
"5945217417591397712","chatgpt","💬","ai","","","chatgpt","chatgpt|💬","catalogued","ready","true","zulut30-premium-telegram-emoji"
"5945231638228114443","deepseek","🐳","ai","","","deepseek","deepseek|🐳","catalogued","ready","true","zulut30-premium-telegram-emoji"
"5947450225059699288","seedance","🌱","ai","","","seedance","seedance|🌱|iran|persian|ایران|فارسی|نوروز|یلدا","catalogued|iran_culture_palette|persian_ui","ready","true","zulut30-premium-telegram-emoji"
"5949262130027958866","irannewz_27958866","","regional_iran","iranNewz","iranNewz","","iran|persian|ایران|فارسی","regional|iran|needs_enrichment","needs_enrichment","false","telegram-customemojipack-iranNewz"
"5949286409478082944","irannewz_78082944","","regional_iran","iranNewz","iranNewz","","iran|persian|ایران|فارسی","regional|iran|needs_enrichment","needs_enrichment","false","telegram-customemojipack-iranNewz"
"5949307317378879594","irannewz_78879594","","regional_iran","iranNewz","iranNewz","","iran|persian|ایران|فارسی","regional|iran|needs_enrichment","needs_enrichment","false","telegram-customemojipack-iranNewz"
"5949325343356621311","irannewz_56621311","","regional_iran","iranNewz","iranNewz","","iran|persian|ایران|فارسی","regional|iran|needs_enrichment","needs_enrichment","false","telegram-customemojipack-iranNewz"
"5949326674796483618","irannewz_96483618","","regional_iran","iranNewz","iranNewz","","iran|persian|ایران|فارسی","regional|iran|needs_enrichment","needs_enrichment","false","telegram-customemojipack-iranNewz"
"5949327894567195412","irannewz_67195412","","regional_iran","iranNewz","iranNewz","","iran|persian|ایران|فارسی","regional|iran|needs_enrichment","needs_enrichment","false","telegram-customemojipack-iranNewz"
"5949330896749334653","irannewz_49334653","","regional_iran","iranNewz","iranNewz","","iran|persian|ایران|فارسی","regional|iran|needs_enrichment","needs_enrichment","false","telegram-customemojipack-iranNewz"
"5949342733679203673","irannewz_79203673","","regional_iran","iranNewz","iranNewz","","iran|persian|ایران|فارسی","regional|iran|needs_enrichment","needs_enrichment","false","telegram-customemojipack-iranNewz"
"5949361713139683377","irannewz_39683377","","regional_iran","iranNewz","iranNewz","","iran|persian|ایران|فارسی","regional|iran|needs_enrichment","needs_enrichment","false","telegram-customemojipack-iranNewz"
"5949408854700724390","irannewz_00724390","","regional_iran","iranNewz","iranNewz","","iran|persian|ایران|فارسی","regional|iran|needs_enrichment","needs_enrichment","false","telegram-customemojipack-iranNewz"
"5949408906240332896","irannewz_40332896","","regional_iran","iranNewz","iranNewz","","iran|persian|ایران|فارسی","regional|iran|needs_enrichment","needs_enrichment","false","telegram-customemojipack-iranNewz"
"5949431368919290283","irannewz_19290283","","regional_iran","iranNewz","iranNewz","","iran|persian|ایران|فارسی","regional|iran|needs_enrichment","needs_enrichment","false","telegram-customemojipack-iranNewz"
"5949458495932731725","irannewz_32731725","","regional_iran","iranNewz","iranNewz","","iran|persian|ایران|فارسی","regional|iran|needs_enrichment","needs_enrichment","false","telegram-customemojipack-iranNewz"
"5949503361161105842","irannewz_61105842","","regional_iran","iranNewz","iranNewz","","iran|persian|ایران|فارسی","regional|iran|needs_enrichment","needs_enrichment","false","telegram-customemojipack-iranNewz"
"5949521034951529183","irannewz_51529183","","regional_iran","iranNewz","iranNewz","","iran|persian|ایران|فارسی","regional|iran|needs_enrichment","needs_enrichment","false","telegram-customemojipack-iranNewz"
"5949538820411102133","irannewz_11102133","","regional_iran","iranNewz","iranNewz","","iran|persian|ایران|فارسی","regional|iran|needs_enrichment","needs_enrichment","false","telegram-customemojipack-iranNewz"
"5949552388212789771","irannewz_12789771","","regional_iran","iranNewz","iranNewz","","iran|persian|ایران|فارسی","regional|iran|needs_enrichment","needs_enrichment","false","telegram-customemojipack-iranNewz"
"5949579545291002915","irannewz_91002915","","regional_iran","iranNewz","iranNewz","","iran|persian|ایران|فارسی","regional|iran|needs_enrichment","needs_enrichment","false","telegram-customemojipack-iranNewz"
"5949615459807531375","irannewz_07531375","","regional_iran","iranNewz","iranNewz","","iran|persian|ایران|فارسی","regional|iran|needs_enrichment","needs_enrichment","false","telegram-customemojipack-iranNewz"
"5949620218631295220","irannewz_31295220","","regional_iran","iranNewz","iranNewz","","iran|persian|ایران|فارسی","regional|iran|needs_enrichment","needs_enrichment","false","telegram-customemojipack-iranNewz"
"5949629152163271756","irannewz_63271756","","regional_iran","iranNewz","iranNewz","","iran|persian|ایران|فارسی","regional|iran|needs_enrichment","needs_enrichment","false","telegram-customemojipack-iranNewz"
"5949631067718684822","irannewz_18684822","","regional_iran","iranNewz","iranNewz","","iran|persian|ایران|فارسی","regional|iran|needs_enrichment","needs_enrichment","false","telegram-customemojipack-iranNewz"
"5949645013477495366","irannewz_77495366","","regional_iran","iranNewz","iranNewz","","iran|persian|ایران|فارسی","regional|iran|needs_enrichment","needs_enrichment","false","telegram-customemojipack-iranNewz"
"5949667875588412267","irannewz_88412267","","regional_iran","iranNewz","iranNewz","","iran|persian|ایران|فارسی","regional|iran|needs_enrichment","needs_enrichment","false","telegram-customemojipack-iranNewz"
"5949676985214046957","irannewz_14046957","","regional_iran","iranNewz","iranNewz","","iran|persian|ایران|فارسی","regional|iran|needs_enrichment","needs_enrichment","false","telegram-customemojipack-iranNewz"
"5949680288043897258","irannewz_43897258","","regional_iran","iranNewz","iranNewz","","iran|persian|ایران|فارسی","regional|iran|needs_enrichment","needs_enrichment","false","telegram-customemojipack-iranNewz"
"5949703085730304213","irannewz_30304213","","regional_iran","iranNewz","iranNewz","","iran|persian|ایران|فارسی","regional|iran|needs_enrichment","needs_enrichment","false","telegram-customemojipack-iranNewz"
"5949728640785715579","irannewz_85715579","","regional_iran","iranNewz","iranNewz","","iran|persian|ایران|فارسی","regional|iran|needs_enrichment","needs_enrichment","false","telegram-customemojipack-iranNewz"
"5949765049223483615","irannewz_23483615","","regional_iran","iranNewz","iranNewz","","iran|persian|ایران|فارسی","regional|iran|needs_enrichment","needs_enrichment","false","telegram-customemojipack-iranNewz"
"5949775417274536507","irannewz_74536507","","regional_iran","iranNewz","iranNewz","","iran|persian|ایران|فارسی","regional|iran|needs_enrichment","needs_enrichment","false","telegram-customemojipack-iranNewz"
"5949785428843302949","irannewz_43302949","","regional_iran","iranNewz","iranNewz","","iran|persian|ایران|فارسی","regional|iran|needs_enrichment","needs_enrichment","false","telegram-customemojipack-iranNewz"
"5949785441728205181","irannewz_28205181","","regional_iran","iranNewz","iranNewz","","iran|persian|ایران|فارسی","regional|iran|needs_enrichment","needs_enrichment","false","telegram-customemojipack-iranNewz"
"5949792614323590232","irannewz_23590232","","regional_iran","iranNewz","iranNewz","","iran|persian|ایران|فارسی","regional|iran|needs_enrichment","needs_enrichment","false","telegram-customemojipack-iranNewz"
"5949794718857564613","irannewz_57564613","","regional_iran","iranNewz","iranNewz","","iran|persian|ایران|فارسی","regional|iran|needs_enrichment","needs_enrichment","false","telegram-customemojipack-iranNewz"
"5949796535628731238","irannewz_28731238","","regional_iran","iranNewz","iranNewz","","iran|persian|ایران|فارسی","regional|iran|needs_enrichment","needs_enrichment","false","telegram-customemojipack-iranNewz"
"5949803910087578172","irannewz_87578172","","regional_iran","iranNewz","iranNewz","","iran|persian|ایران|فارسی","regional|iran|needs_enrichment","needs_enrichment","false","telegram-customemojipack-iranNewz"
"5951518619945931024","irannewz_45931024","","regional_iran","iranNewz","iranNewz","","iran|persian|ایران|فارسی","regional|iran|needs_enrichment","needs_enrichment","false","telegram-customemojipack-iranNewz"
"5951555049858535640","irannewz_58535640","","regional_iran","iranNewz","iranNewz","","iran|persian|ایران|فارسی","regional|iran|needs_enrichment","needs_enrichment","false","telegram-customemojipack-iranNewz"
"5951584964305755220","hashtag","#","ui_minimal","minimal_bw","TgAndroidIcons","hashtag","hashtag|#","catalogued","ready","true","zulut30-premium-telegram-emoji"
"5951591466886239487","irannewz_86239487","","regional_iran","iranNewz","iranNewz","","iran|persian|ایران|فارسی","regional|iran|needs_enrichment","needs_enrichment","false","telegram-customemojipack-iranNewz"
"5951611605987889128","irannewz_87889128","","regional_iran","iranNewz","iranNewz","","iran|persian|ایران|فارسی","regional|iran|needs_enrichment","needs_enrichment","false","telegram-customemojipack-iranNewz"
"5951623756450370276","irannewz_50370276","","regional_iran","iranNewz","iranNewz","","iran|persian|ایران|فارسی","regional|iran|needs_enrichment","needs_enrichment","false","telegram-customemojipack-iranNewz"
"5951677112829088371","irannewz_29088371","","regional_iran","iranNewz","iranNewz","","iran|persian|ایران|فارسی","regional|iran|needs_enrichment","needs_enrichment","false","telegram-customemojipack-iranNewz"
"5951698179643675387","irannewz_43675387","","regional_iran","iranNewz","iranNewz","","iran|persian|ایران|فارسی","regional|iran|needs_enrichment","needs_enrichment","false","telegram-customemojipack-iranNewz"
"5951723511360786356","irannewz_60786356","","regional_iran","iranNewz","iranNewz","","iran|persian|ایران|فارسی","regional|iran|needs_enrichment","needs_enrichment","false","telegram-customemojipack-iranNewz"
"5951772242059726624","irannewz_59726624","","regional_iran","iranNewz","iranNewz","","iran|persian|ایران|فارسی","regional|iran|needs_enrichment","needs_enrichment","false","telegram-customemojipack-iranNewz"
"5951842387465605469","irannewz_65605469","","regional_iran","iranNewz","iranNewz","","iran|persian|ایران|فارسی","regional|iran|needs_enrichment","needs_enrichment","false","telegram-customemojipack-iranNewz"
"5951905811247665183","irannewz_47665183","","regional_iran","iranNewz","iranNewz","","iran|persian|ایران|فارسی","regional|iran|needs_enrichment","needs_enrichment","false","telegram-customemojipack-iranNewz"
"5951920036179350212","irannewz_79350212","","regional_iran","iranNewz","iranNewz","","iran|persian|ایران|فارسی","regional|iran|needs_enrichment","needs_enrichment","false","telegram-customemojipack-iranNewz"
"5951971421168079496","xiaomi","🟧","ai","","","xiaomi","xiaomi|🟧","catalogued","ready","true","zulut30-premium-telegram-emoji"
"5958376256788502078","stars_bw","⭐","ui_minimal","minimal_bw","TgAndroidIcons","stars_bw","stars|bw|⭐","catalogued","ready","true","zulut30-premium-telegram-emoji"
"5960714428394507968","eye","👁","ui_minimal","minimal_bw","TgAndroidIcons","eye","eye|👁","catalogued","ready","true","zulut30-premium-telegram-emoji"
"5962803573501727661","irannewz_01727661","","regional_iran","iranNewz","iranNewz","","iran|persian|ایران|فارسی","regional|iran|needs_enrichment","needs_enrichment","false","telegram-customemojipack-iranNewz"
"5962809569276072870","irannewz_76072870","","regional_iran","iranNewz","iranNewz","","iran|persian|ایران|فارسی","regional|iran|needs_enrichment","needs_enrichment","false","telegram-customemojipack-iranNewz"
"5962814152006176976","irannewz_06176976","","regional_iran","iranNewz","iranNewz","","iran|persian|ایران|فارسی","regional|iran|needs_enrichment","needs_enrichment","false","telegram-customemojipack-iranNewz"
"5962836099289059579","irannewz_89059579","","regional_iran","iranNewz","iranNewz","","iran|persian|ایران|فارسی","regional|iran|needs_enrichment","needs_enrichment","false","telegram-customemojipack-iranNewz"
"5962865700203664155","irannewz_03664155","","regional_iran","iranNewz","iranNewz","","iran|persian|ایران|فارسی","regional|iran|needs_enrichment","needs_enrichment","false","telegram-customemojipack-iranNewz"
"5962891847964562880","league","🏆","gaming","","","league","league|🏆","catalogued","ready","true","zulut30-premium-telegram-emoji"
"5962954438522966653","irannewz_22966653","","regional_iran","iranNewz","iranNewz","","iran|persian|ایران|فارسی","regional|iran|needs_enrichment","needs_enrichment","false","telegram-customemojipack-iranNewz"
"5962975453797946347","irannewz_97946347","","regional_iran","iranNewz","iranNewz","","iran|persian|ایران|فارسی","regional|iran|needs_enrichment","needs_enrichment","false","telegram-customemojipack-iranNewz"
"5962976020733628699","irannewz_33628699","","regional_iran","iranNewz","iranNewz","","iran|persian|ایران|فارسی","regional|iran|needs_enrichment","needs_enrichment","false","telegram-customemojipack-iranNewz"
"5963042515417305764","irannewz_17305764","","regional_iran","iranNewz","iranNewz","","iran|persian|ایران|فارسی","regional|iran|needs_enrichment","needs_enrichment","false","telegram-customemojipack-iranNewz"
"5963043520439653113","irannewz_39653113","","regional_iran","iranNewz","iranNewz","","iran|persian|ایران|فارسی","regional|iran|needs_enrichment","needs_enrichment","false","telegram-customemojipack-iranNewz"
"5963068306695918894","irannewz_95918894","","regional_iran","iranNewz","iranNewz","","iran|persian|ایران|فارسی","regional|iran|needs_enrichment","needs_enrichment","false","telegram-customemojipack-iranNewz"
"5963110689433195255","irannewz_33195255","","regional_iran","iranNewz","iranNewz","","iran|persian|ایران|فارسی","regional|iran|needs_enrichment","needs_enrichment","false","telegram-customemojipack-iranNewz"
"5963122320204632618","irannewz_04632618","","regional_iran","iranNewz","iranNewz","","iran|persian|ایران|فارسی","regional|iran|needs_enrichment","needs_enrichment","false","telegram-customemojipack-iranNewz"
"5963189557917652135","irannewz_17652135","","regional_iran","iranNewz","iranNewz","","iran|persian|ایران|فارسی","regional|iran|needs_enrichment","needs_enrichment","false","telegram-customemojipack-iranNewz"
"5963196008958530274","irannewz_58530274","","regional_iran","iranNewz","iranNewz","","iran|persian|ایران|فارسی","regional|iran|needs_enrichment","needs_enrichment","false","telegram-customemojipack-iranNewz"
"5963319635297178189","irannewz_97178189","","regional_iran","iranNewz","iranNewz","","iran|persian|ایران|فارسی","regional|iran|needs_enrichment","needs_enrichment","false","telegram-customemojipack-iranNewz"
"5965022478160893417","irannewz_60893417","","regional_iran","iranNewz","iranNewz","","iran|persian|ایران|فارسی","regional|iran|needs_enrichment","needs_enrichment","false","telegram-customemojipack-iranNewz"
"5965033958608474645","irannewz_08474645","","regional_iran","iranNewz","iranNewz","","iran|persian|ایران|فارسی","regional|iran|needs_enrichment","needs_enrichment","false","telegram-customemojipack-iranNewz"
"5965038906410800530","irannewz_10800530","","regional_iran","iranNewz","iranNewz","","iran|persian|ایران|فارسی","regional|iran|needs_enrichment","needs_enrichment","false","telegram-customemojipack-iranNewz"
"5965058165044155735","irannewz_44155735","","regional_iran","iranNewz","iranNewz","","iran|persian|ایران|فارسی","regional|iran|needs_enrichment","needs_enrichment","false","telegram-customemojipack-iranNewz"
"5965097893491642896","irannewz_91642896","","regional_iran","iranNewz","iranNewz","","iran|persian|ایران|فارسی","regional|iran|needs_enrichment","needs_enrichment","false","telegram-customemojipack-iranNewz"
"5965101733192405233","irannewz_92405233","","regional_iran","iranNewz","iranNewz","","iran|persian|ایران|فارسی","regional|iran|needs_enrichment","needs_enrichment","false","telegram-customemojipack-iranNewz"
"5965107454088843648","irannewz_88843648","","regional_iran","iranNewz","iranNewz","","iran|persian|ایران|فارسی","regional|iran|needs_enrichment","needs_enrichment","false","telegram-customemojipack-iranNewz"
"5965109532853015771","irannewz_53015771","","regional_iran","iranNewz","iranNewz","","iran|persian|ایران|فارسی","regional|iran|needs_enrichment","needs_enrichment","false","telegram-customemojipack-iranNewz"
"5965129495861008033","irannewz_61008033","","regional_iran","iranNewz","iranNewz","","iran|persian|ایران|فارسی","regional|iran|needs_enrichment","needs_enrichment","false","telegram-customemojipack-iranNewz"
"5965167184199029276","irannewz_99029276","","regional_iran","iranNewz","iranNewz","","iran|persian|ایران|فارسی","regional|iran|needs_enrichment","needs_enrichment","false","telegram-customemojipack-iranNewz"
"5965200848152695816","irannewz_52695816","","regional_iran","iranNewz","iranNewz","","iran|persian|ایران|فارسی","regional|iran|needs_enrichment","needs_enrichment","false","telegram-customemojipack-iranNewz"
"5965277332930302815","irannewz_30302815","","regional_iran","iranNewz","iranNewz","","iran|persian|ایران|فارسی","regional|iran|needs_enrichment","needs_enrichment","false","telegram-customemojipack-iranNewz"
"5965283371654320842","irannewz_54320842","","regional_iran","iranNewz","iranNewz","","iran|persian|ایران|فارسی","regional|iran|needs_enrichment","needs_enrichment","false","telegram-customemojipack-iranNewz"
"5965292511344726835","irannewz_44726835","","regional_iran","iranNewz","iranNewz","","iran|persian|ایران|فارسی","regional|iran|needs_enrichment","needs_enrichment","false","telegram-customemojipack-iranNewz"
"5965297742614894172","irannewz_14894172","","regional_iran","iranNewz","iranNewz","","iran|persian|ایران|فارسی","regional|iran|needs_enrichment","needs_enrichment","false","telegram-customemojipack-iranNewz"
"5965343011570193461","irannewz_70193461","","regional_iran","iranNewz","iranNewz","","iran|persian|ایران|فارسی","regional|iran|needs_enrichment","needs_enrichment","false","telegram-customemojipack-iranNewz"
"5965353693153858756","irannewz_53858756","","regional_iran","iranNewz","iranNewz","","iran|persian|ایران|فارسی","regional|iran|needs_enrichment","needs_enrichment","false","telegram-customemojipack-iranNewz"
"5965373286794662636","irannewz_94662636","","regional_iran","iranNewz","iranNewz","","iran|persian|ایران|فارسی","regional|iran|needs_enrichment","needs_enrichment","false","telegram-customemojipack-iranNewz"
"5965378024143590807","irannewz_43590807","","regional_iran","iranNewz","iranNewz","","iran|persian|ایران|فارسی","regional|iran|needs_enrichment","needs_enrichment","false","telegram-customemojipack-iranNewz"
"5965386781581906055","irannewz_81906055","","regional_iran","iranNewz","iranNewz","","iran|persian|ایران|فارسی","regional|iran|needs_enrichment","needs_enrichment","false","telegram-customemojipack-iranNewz"
"5965397677913936578","irannewz_13936578","","regional_iran","iranNewz","iranNewz","","iran|persian|ایران|فارسی","regional|iran|needs_enrichment","needs_enrichment","false","telegram-customemojipack-iranNewz"
"5965402840464626286","irannewz_64626286","","regional_iran","iranNewz","iranNewz","","iran|persian|ایران|فارسی","regional|iran|needs_enrichment","needs_enrichment","false","telegram-customemojipack-iranNewz"
"5965411542068367631","irannewz_68367631","","regional_iran","iranNewz","iranNewz","","iran|persian|ایران|فارسی","regional|iran|needs_enrichment","needs_enrichment","false","telegram-customemojipack-iranNewz"
"5965478779781388342","irannewz_81388342","","regional_iran","iranNewz","iranNewz","","iran|persian|ایران|فارسی","regional|iran|needs_enrichment","needs_enrichment","false","telegram-customemojipack-iranNewz"
"5965490264523936926","irannewz_23936926","","regional_iran","iranNewz","iranNewz","","iran|persian|ایران|فارسی","regional|iran|needs_enrichment","needs_enrichment","false","telegram-customemojipack-iranNewz"
"5965491527244321648","irannewz_44321648","","regional_iran","iranNewz","iranNewz","","iran|persian|ایران|فارسی","regional|iran|needs_enrichment","needs_enrichment","false","telegram-customemojipack-iranNewz"
"5965519088049460281","irannewz_49460281","","regional_iran","iranNewz","iranNewz","","iran|persian|ایران|فارسی","regional|iran|needs_enrichment","needs_enrichment","false","telegram-customemojipack-iranNewz"
"5965528691596334086","irannewz_96334086","","regional_iran","iranNewz","iranNewz","","iran|persian|ایران|فارسی","regional|iran|needs_enrichment","needs_enrichment","false","telegram-customemojipack-iranNewz"
"5965534013060813884","irannewz_60813884","","regional_iran","iranNewz","iranNewz","","iran|persian|ایران|فارسی","regional|iran|needs_enrichment","needs_enrichment","false","telegram-customemojipack-iranNewz"
"5967280668885913944","envelope","✉️","ui_minimal","minimal_bw","TgAndroidIcons","envelope","envelope|✉️","catalogued","ready","true","zulut30-premium-telegram-emoji"
"5967355281057779430","nazad","❌","ui_minimal","minimal_bw","TgAndroidIcons","nazad","nazad|❌","catalogued","ready","true","zulut30-premium-telegram-emoji"
"5967389567781703494","briefcase","💼","ui_minimal","minimal_bw","TgAndroidIcons","briefcase","briefcase|💼","catalogued","ready","true","zulut30-premium-telegram-emoji"
"5967456680940671207","archive","🗃","ui_minimal","minimal_bw","TgAndroidIcons","archive","archive|🗃","catalogued","ready","true","zulut30-premium-telegram-emoji"
"5967591100532134862","telefon","☎️","ui_minimal","minimal_bw","TgAndroidIcons","telefon","telefon|☎️","catalogued","ready","true","zulut30-premium-telegram-emoji"
"5983399041197675256","magazin","🏪","ui_minimal","minimal_bw","TgAndroidIcons","magazin","magazin|🏪","catalogued","ready","true","zulut30-premium-telegram-emoji"
"5985433648810171091","tag","🏷","ui_minimal","minimal_bw","TgAndroidIcons","tag","tag|🏷","catalogued","ready","true","zulut30-premium-telegram-emoji"
"5987917196469213507","qr","📱","ui_minimal","minimal_bw","TgAndroidIcons","qr","qr|📱","catalogued","ready","true","zulut30-premium-telegram-emoji"
"5988023995125993550","wrench","🛠","ui_minimal","minimal_bw","TgAndroidIcons","wrench","wrench|🛠","catalogued","ready","true","zulut30-premium-telegram-emoji"
"5992157823838984339","education","🎓","ui_minimal","minimal_bw","TgAndroidIcons","education","education|🎓","catalogued","ready","true","zulut30-premium-telegram-emoji"
"5992199545151295755","like_bw","👍","ui_minimal","minimal_bw","TgAndroidIcons","like_bw","like|bw|👍","catalogued","ready","true","zulut30-premium-telegram-emoji"
"5994368422031397063","dislike","👎","ui_minimal","minimal_bw","TgAndroidIcons","dislike","dislike|👎","catalogued","ready","true","zulut30-premium-telegram-emoji"
"5994453058656931434","heart_bw","❤️","ui_minimal","minimal_bw","TgAndroidIcons","heart_bw","heart|bw|❤️|iran|persian|ایران|فارسی|نوروز|یلدا","catalogued|iran_culture_palette|persian_ui","ready","true","zulut30-premium-telegram-emoji"
"6005570495603282482","key_bw","🔑","ui_minimal","minimal_bw","TgAndroidIcons","key_bw","key|bw|🔑","catalogued","ready","true","zulut30-premium-telegram-emoji"
"6005986106703613755","video","🎬","ui_minimal","minimal_bw","TgAndroidIcons","video","video|🎬","catalogued","ready","true","zulut30-premium-telegram-emoji"
"6007895992760799065","crop","✂️","ui_minimal","minimal_bw","TgAndroidIcons","crop","crop|✂️","catalogued","ready","true","zulut30-premium-telegram-emoji"
"6007938409857815902","headphones","🎧","ui_minimal","minimal_bw","TgAndroidIcons","headphones","headphones|🎧","catalogued","ready","true","zulut30-premium-telegram-emoji"
"6007942490076745785","broom","🧹","ui_minimal","minimal_bw","TgAndroidIcons","broom","broom|🧹","catalogued","ready","true","zulut30-premium-telegram-emoji"
"6012779366281384690","irannewz_81384690","","regional_iran","iranNewz","iranNewz","","iran|persian|ایران|فارسی","regional|iran|needs_enrichment","needs_enrichment","false","telegram-customemojipack-iranNewz"
"6014575160827318827","irannewz_27318827","","regional_iran","iranNewz","iranNewz","","iran|persian|ایران|فارسی","regional|iran|needs_enrichment","needs_enrichment","false","telegram-customemojipack-iranNewz"
"6014584837388637028","irannewz_88637028","","regional_iran","iranNewz","iranNewz","","iran|persian|ایران|فارسی","regional|iran|needs_enrichment","needs_enrichment","false","telegram-customemojipack-iranNewz"
"6014595845389817286","irannewz_89817286","","regional_iran","iranNewz","iranNewz","","iran|persian|ایران|فارسی","regional|iran|needs_enrichment","needs_enrichment","false","telegram-customemojipack-iranNewz"
"6014651907597931506","irannewz_97931506","","regional_iran","iranNewz","iranNewz","","iran|persian|ایران|فارسی","regional|iran|needs_enrichment","needs_enrichment","false","telegram-customemojipack-iranNewz"
"6014688552258901397","irannewz_58901397","","regional_iran","iranNewz","iranNewz","","iran|persian|ایران|فارسی","regional|iran|needs_enrichment","needs_enrichment","false","telegram-customemojipack-iranNewz"
"6014747127022884606","irannewz_22884606","","regional_iran","iranNewz","iranNewz","","iran|persian|ایران|فارسی","regional|iran|needs_enrichment","needs_enrichment","false","telegram-customemojipack-iranNewz"
"6014796549211560983","irannewz_11560983","","regional_iran","iranNewz","iranNewz","","iran|persian|ایران|فارسی","regional|iran|needs_enrichment","needs_enrichment","false","telegram-customemojipack-iranNewz"
"6014962914769768891","irannewz_69768891","","regional_iran","iranNewz","iranNewz","","iran|persian|ایران|فارسی","regional|iran|needs_enrichment","needs_enrichment","false","telegram-customemojipack-iranNewz"
"6015108969427637910","irannewz_27637910","","regional_iran","iranNewz","iranNewz","","iran|persian|ایران|فارسی","regional|iran|needs_enrichment","needs_enrichment","false","telegram-customemojipack-iranNewz"
"6025914127891827963","1_5x","⏩","ui_minimal","minimal_bw","TgAndroidIcons","1_5x","1|5x|⏩","catalogued","ready","true","zulut30-premium-telegram-emoji"
"6026261955818294779","2x","⏩","ui_minimal","minimal_bw","TgAndroidIcons","2x","2x|⏩","catalogued","ready","true","zulut30-premium-telegram-emoji"
"6028482475385164542","obychnaya","⏩","ui_minimal","minimal_bw","TgAndroidIcons","obychnaya","obychnaya|⏩","catalogued","ready","true","zulut30-premium-telegram-emoji"
"6046233639644042899","kejs","🧰","gaming","","","kejs","kejs|🧰","catalogued","ready","true","zulut30-premium-telegram-emoji"
"6046373449419462486","awp","🔫","gaming","","","awp","awp|🔫","catalogued","ready","true","zulut30-premium-telegram-emoji"
"6046563269794076850","nuke","🇺🇸","gaming","","","nuke","nuke|🇺🇸","catalogued","ready","true","zulut30-premium-telegram-emoji"
"6287267350324447627","fotografii","😓","brands_apps","apple","","fotografii","fotografii|😓","catalogued","ready","true","zulut30-premium-telegram-emoji"
"6337048821603763745","nastrojki","⚙️","brands_apps","apple","","nastrojki","nastrojki|⚙️","catalogued","ready","true","zulut30-premium-telegram-emoji"
